time_min,pressure_psi,rate_bpm,G
0.0000,3432.0000,8.0000,
0.1439,3672.7168,8.0000,
0.2878,3796.8584,8.0000,
0.4317,3897.3493,8.0000,
0.5756,3985.0219,8.0000,
0.7194,4064.2493,8.0000,
0.8633,4137.3377,8.0000,
1.0072,4205.6868,8.0000,
1.1511,4270.2245,8.0000,
1.2950,4331.6050,8.0000,
1.4389,4390.3107,8.0000,
1.5828,4446.7101,8.0000,
1.7267,4501.0921,8.0000,
1.8706,4553.6888,8.0000,
2.0144,4604.6899,8.0000,
2.1583,4654.2530,8.0000,
2.3022,4702.5107,8.0000,
2.4461,4749.5761,8.0000,
2.5900,4795.5462,8.0000,
2.7339,4840.5054,8.0000,
2.8778,4884.5275,8.0000,
3.0217,4927.6774,8.0000,
3.1656,4970.0128,8.0000,
3.3094,5011.5852,8.0000,
3.4533,5052.4405,8.0000,
3.5972,5092.6204,8.0000,
3.7411,5132.1622,8.0000,
3.8850,5171.1002,8.0000,
4.0289,5209.4655,8.0000,
4.1728,5247.2864,8.0000,
4.3167,5284.5891,8.0000,
4.4606,5321.3976,8.0000,
4.6044,5357.7342,8.0000,
4.7483,5393.6193,8.0000,
4.8922,5429.0719,8.0000,
5.0361,5464.1098,8.0000,
5.1800,5498.7496,8.0000,
5.3239,5533.0065,8.0000,
5.4678,5566.8950,8.0000,
5.6117,5600.4286,8.0000,
5.7556,5633.6199,8.0000,
5.8994,5666.4810,8.0000,
6.0433,5699.0230,8.0000,
6.1872,5731.2565,8.0000,
6.3311,5763.1915,8.0000,
6.4750,5794.8375,8.0000,
6.6189,5826.2034,8.0000,
6.7628,5857.2978,8.0000,
6.9067,5888.1286,8.0000,
7.0506,5918.7035,8.0000,
7.1944,5949.0298,8.0000,
7.3383,5979.1144,8.0000,
7.4822,6008.9640,8.0000,
7.6261,6038.5849,8.0000,
7.7700,6067.9830,8.0000,
7.9139,6097.1642,8.0000,
8.0578,6126.1339,8.0000,
8.2017,6154.8973,8.0000,
8.3456,6183.4597,8.0000,
8.4894,6211.8257,8.0000,
8.6377,6241.0665,0.0000,0.0010
8.7167,6234.1764,0.0000,0.0185
8.7985,6238.2593,0.0000,0.0360
8.8822,6236.7411,0.0000,0.0535
8.9677,6224.4368,0.0000,0.0710
9.0547,6224.5242,0.0000,0.0885
9.1431,6227.3456,0.0000,0.1060
9.2328,6223.6077,0.0000,0.1236
9.3239,6222.4721,0.0000,0.1411
9.4161,6217.3616,0.0000,0.1586
9.5096,6221.2415,0.0000,0.1761
9.6042,6218.7022,0.0000,0.1936
9.7000,6214.0274,0.0000,0.2111
9.7968,6215.5580,0.0000,0.2286
9.8947,6211.0653,0.0000,0.2461
9.9937,6204.2379,0.0000,0.2636
10.0938,6206.3524,0.0000,0.2811
10.1948,6199.5220,0.0000,0.2986
10.2969,6203.7691,0.0000,0.3161
10.4000,6198.3361,0.0000,0.3337
10.5041,6195.6802,0.0000,0.3512
10.6092,6191.7603,0.0000,0.3687
10.7152,6196.2388,0.0000,0.3862
10.8223,6189.2354,0.0000,0.4037
10.9302,6186.0935,0.0000,0.4212
11.0392,6184.1766,0.0000,0.4387
11.1490,6185.0885,0.0000,0.4562
11.2599,6182.3208,0.0000,0.4737
11.3716,6180.3027,0.0000,0.4912
11.4843,6178.1823,0.0000,0.5087
11.5979,6181.9866,0.0000,0.5262
11.7124,6170.8847,0.0000,0.5438
11.8279,6168.3307,0.0000,0.5613
11.9442,6165.0917,0.0000,0.5788
12.0615,6167.9122,0.0000,0.5963
12.1797,6167.5240,0.0000,0.6138
12.2987,6160.9902,0.0000,0.6313
12.4187,6156.2648,0.0000,0.6488
12.5396,6154.1360,0.0000,0.6663
12.6613,6157.1151,0.0000,0.6838
12.7840,6155.2558,0.0000,0.7013
12.9075,6152.3718,0.0000,0.7188
13.0319,6145.9579,0.0000,0.7363
13.1572,6146.9161,0.0000,0.7539
13.2833,6144.3283,0.0000,0.7714
13.4104,6142.5016,0.0000,0.7889
13.5383,6142.6026,0.0000,0.8064
13.6671,6138.1515,0.0000,0.8239
13.7968,6137.5615,0.0000,0.8414
13.9273,6133.2382,0.0000,0.8589
14.0587,6131.8300,0.0000,0.8764
14.1910,6130.8439,0.0000,0.8939
14.3241,6121.3507,0.0000,0.9114
14.4581,6123.1483,0.0000,0.9289
14.5929,6120.4372,0.0000,0.9464
14.7287,6117.6638,0.0000,0.9640
14.8652,6116.7532,0.0000,0.9815
15.0027,6120.7649,0.0000,0.9990
15.1409,6110.3185,0.0000,1.0165
15.2801,6114.5543,0.0000,1.0340
15.4201,6103.0916,0.0000,1.0515
15.5609,6105.6259,0.0000,1.0690
15.7026,6105.1840,0.0000,1.0865
15.8452,6104.4825,0.0000,1.1040
15.9886,6102.7364,0.0000,1.1215
16.1328,6100.8402,0.0000,1.1390
16.2779,6094.6593,0.0000,1.1565
16.4239,6092.0779,0.0000,1.1741
16.5707,6094.5155,0.0000,1.1916
16.7183,6088.6593,0.0000,1.2091
16.8668,6082.6804,0.0000,1.2266
17.0161,6080.9951,0.0000,1.2441
17.1663,6079.5599,0.0000,1.2616
17.3173,6082.3344,0.0000,1.2791
17.4692,6078.9092,0.0000,1.2966
17.6219,6078.6438,0.0000,1.3141
17.7754,6072.5480,0.0000,1.3316
17.9298,6072.4147,0.0000,1.3491
18.0850,6071.8657,0.0000,1.3666
18.2411,6066.4098,0.0000,1.3842
18.3980,6066.9076,0.0000,1.4017
18.5557,6060.8085,0.0000,1.4192
18.7143,6059.6709,0.0000,1.4367
18.8737,6057.4219,0.0000,1.4542
19.0340,6052.3889,0.0000,1.4717
19.1950,6056.0951,0.0000,1.4892
19.3570,6050.5641,0.0000,1.5067
19.5197,6050.0671,0.0000,1.5242
19.6833,6049.5224,0.0000,1.5417
19.8477,6047.2190,0.0000,1.5592
20.0130,6045.8013,0.0000,1.5767
20.1791,6040.9441,0.0000,1.5943
20.3460,6037.6237,0.0000,1.6118
20.5137,6036.6425,0.0000,1.6293
20.6823,6028.8322,0.0000,1.6468
20.8518,6027.4894,0.0000,1.6643
21.0220,6025.7412,0.0000,1.6818
21.1931,6024.6966,0.0000,1.6993
21.3650,6027.4026,0.0000,1.7168
21.5378,6020.6505,0.0000,1.7343
21.7113,6020.3125,0.0000,1.7518
21.8857,6023.9997,0.0000,1.7693
22.0610,6016.0219,0.0000,1.7868
22.2370,6017.6665,0.0000,1.8044
22.4139,6009.6339,0.0000,1.8219
22.5917,6009.9989,0.0000,1.8394
22.7702,6005.2092,0.0000,1.8569
22.9496,6005.1640,0.0000,1.8744
23.1298,6007.1080,0.0000,1.8919
23.3108,5995.9377,0.0000,1.9094
23.4927,6001.3202,0.0000,1.9269
23.6754,5998.4481,0.0000,1.9444
23.8589,5993.3529,0.0000,1.9619
24.0433,5988.1876,0.0000,1.9794
24.2285,5991.3176,0.0000,1.9969
24.4145,5987.0283,0.0000,2.0144
24.6013,5987.5122,0.0000,2.0320
24.7889,5984.5907,0.0000,2.0495
24.9774,5987.9368,0.0000,2.0670
25.1667,5979.3092,0.0000,2.0845
25.3569,5974.3811,0.0000,2.1020
25.5478,5976.4071,0.0000,2.1195
25.7396,5974.3660,0.0000,2.1370
25.9322,5976.1695,0.0000,2.1545
26.1257,5972.1516,0.0000,2.1720
26.3199,5968.2942,0.0000,2.1895
26.5150,5969.9830,0.0000,2.2070
26.7109,5958.5172,0.0000,2.2245
26.9076,5958.2551,0.0000,2.2421
27.1052,5955.0675,0.0000,2.2596
27.3036,5954.7626,0.0000,2.2771
27.5028,5949.1249,0.0000,2.2946
27.7028,5953.9827,0.0000,2.3121
27.9037,5948.7982,0.0000,2.3296
28.1053,5942.2445,0.0000,2.3471
28.3079,5941.6542,0.0000,2.3646
28.5112,5944.1224,0.0000,2.3821
28.7153,5943.7749,0.0000,2.3996
28.9203,5945.6464,0.0000,2.4171
29.1261,5946.6727,0.0000,2.4346
29.3327,5935.7409,0.0000,2.4522
29.5401,5928.6435,0.0000,2.4697
29.7484,5922.4611,0.0000,2.4872
29.9575,5928.6766,0.0000,2.5047
30.1674,5922.7107,0.0000,2.5222
30.3781,5921.9186,0.0000,2.5397
30.5897,5919.0463,0.0000,2.5572
30.8021,5918.5123,0.0000,2.5747
31.0153,5920.5523,0.0000,2.5922
31.2293,5915.1874,0.0000,2.6097
31.4441,5911.8989,0.0000,2.6272
31.6598,5906.6457,0.0000,2.6447
31.8763,5902.2255,0.0000,2.6623
32.0936,5904.2011,0.0000,2.6798
32.3117,5903.5313,0.0000,2.6973
32.5306,5907.7237,0.0000,2.7148
32.7504,5899.8082,0.0000,2.7323
32.9710,5900.6082,0.0000,2.7498
33.1924,5893.2375,0.0000,2.7673
33.4147,5888.6541,0.0000,2.7848
33.6377,5887.2398,0.0000,2.8023
33.8616,5885.8958,0.0000,2.8198
34.0863,5893.7001,0.0000,2.8373
34.3118,5881.1920,0.0000,2.8548
34.5381,5884.8179,0.0000,2.8724
34.7653,5876.5393,0.0000,2.8899
34.9933,5880.7764,0.0000,2.9074
35.2221,5876.6796,0.0000,2.9249
35.4517,5872.6004,0.0000,2.9424
35.6821,5870.8223,0.0000,2.9599
35.9134,5866.4896,0.0000,2.9774
36.1455,5868.1590,0.0000,2.9949
36.3784,5862.8216,0.0000,3.0124
36.6121,5857.9408,0.0000,3.0299
36.8467,5855.5740,0.0000,3.0474
37.0820,5858.4672,0.0000,3.0649
37.3182,5861.2063,0.0000,3.0825
37.5552,5854.0558,0.0000,3.1000
37.7930,5850.8970,0.0000,3.1175
38.0317,5850.1290,0.0000,3.1350
38.2711,5851.5160,0.0000,3.1525
38.5114,5845.5291,0.0000,3.1700
38.7525,5841.1394,0.0000,3.1875
38.9944,5844.2660,0.0000,3.2050
39.2372,5839.7110,0.0000,3.2225
39.4808,5841.4019,0.0000,3.2400
39.7251,5834.4844,0.0000,3.2575
39.9703,5827.3738,0.0000,3.2750
40.2164,5824.6873,0.0000,3.2926
40.4632,5833.0704,0.0000,3.3101
40.7109,5831.1414,0.0000,3.3276
40.9593,5822.2966,0.0000,3.3451
41.2086,5819.4001,0.0000,3.3626
41.4587,5823.6727,0.0000,3.3801
41.7097,5812.4993,0.0000,3.3976
41.9614,5811.0588,0.0000,3.4151
42.2140,5814.2584,0.0000,3.4326
42.4674,5808.4420,0.0000,3.4501
42.7216,5807.6215,0.0000,3.4676
42.9766,5804.8838,0.0000,3.4851
43.2325,5804.4537,0.0000,3.5027
43.4892,5806.0147,0.0000,3.5202
43.7467,5799.2219,0.0000,3.5377
44.0050,5798.9750,0.0000,3.5552
44.2641,5787.3620,0.0000,3.5727
44.5240,5792.1835,0.0000,3.5902
44.7848,5787.2190,0.0000,3.6077
45.0464,5783.7208,0.0000,3.6252
45.3088,5782.7295,0.0000,3.6427
45.5720,5782.4500,0.0000,3.6602
45.8360,5784.6414,0.0000,3.6777
46.1009,5774.6098,0.0000,3.6952
46.3666,5777.1757,0.0000,3.7127
46.6331,5773.1903,0.0000,3.7303
46.9004,5771.5544,0.0000,3.7478
47.1685,5774.0272,0.0000,3.7653
47.4374,5770.2173,0.0000,3.7828
47.7072,5770.8312,0.0000,3.8003
47.9778,5763.4259,0.0000,3.8178
48.2492,5759.3472,0.0000,3.8353
48.5214,5758.8159,0.0000,3.8528
48.7945,5758.2645,0.0000,3.8703
49.0683,5755.8501,0.0000,3.8878
49.3430,5749.2531,0.0000,3.9053
49.6185,5751.1815,0.0000,3.9228
49.8948,5749.4800,0.0000,3.9404
50.1719,5755.3087,0.0000,3.9579
50.4499,5750.8829,0.0000,3.9754
50.7287,5739.1439,0.0000,3.9929
51.0083,5738.9408,0.0000,4.0104
51.2887,5732.6409,0.0000,4.0279
51.5699,5733.5119,0.0000,4.0454
51.8546,5734.5003,0.0000,4.0629
52.1518,5735.4326,0.0000,4.0804
52.4489,5726.4766,0.0000,4.0979
52.7460,5724.5553,0.0000,4.1154
53.0432,5717.1456,0.0000,4.1329
53.3403,5721.9082,0.0000,4.1505
53.6375,5716.5754,0.0000,4.1680
53.9346,5716.2572,0.0000,4.1855
54.2317,5712.8576,0.0000,4.2030
54.5289,5713.4130,0.0000,4.2205
54.8260,5705.4073,0.0000,4.2380
55.1232,5704.2410,0.0000,4.2555
55.4203,5714.6444,0.0000,4.2730
55.7174,5700.5024,0.0000,4.2905
56.0146,5698.9860,0.0000,4.3080
56.3117,5707.0703,0.0000,4.3255
56.6089,5708.6252,0.0000,4.3430
56.9060,5692.1734,0.0000,4.3606
57.2031,5692.8013,0.0000,4.3781
57.5003,5693.1020,0.0000,4.3956
57.7974,5695.7734,0.0000,4.4131
58.0946,5684.0853,0.0000,4.4306
58.3917,5684.4972,0.0000,4.4481
58.6888,5685.8927,0.0000,4.4656
58.9860,5682.5101,0.0000,4.4831
59.2831,5677.4882,0.0000,4.5006
59.5802,5676.1527,0.0000,4.5181
59.8774,5669.6253,0.0000,4.5356
60.1745,5671.4202,0.0000,4.5531
60.4717,5669.1378,0.0000,4.5707
60.7688,5668.6991,0.0000,4.5882
61.0659,5663.7593,0.0000,4.6057
61.3631,5665.1696,0.0000,4.6232
61.6602,5664.8801,0.0000,4.6407
61.9574,5659.6960,0.0000,4.6582
62.2545,5658.1995,0.0000,4.6757
62.5516,5654.9707,0.0000,4.6932
62.8741,5652.6014,0.0000,4.7107
63.1996,5647.8920,0.0000,4.7282
63.5251,5649.3415,0.0000,4.7457
63.8506,5645.7096,0.0000,4.7632
64.1761,5651.1926,0.0000,4.7808
64.5017,5647.1896,0.0000,4.7983
64.8272,5640.8497,0.0000,4.8158
65.1527,5634.6449,0.0000,4.8333
65.4782,5631.2385,0.0000,4.8508
65.8037,5637.1173,0.0000,4.8683
66.1292,5631.6843,0.0000,4.8858
66.4547,5630.2615,0.0000,4.9033
66.7803,5620.2913,0.0000,4.9208
67.1058,5627.4598,0.0000,4.9383
67.4313,5623.6206,0.0000,4.9558
67.7568,5615.9600,0.0000,4.9733
68.0823,5616.0125,0.0000,4.9909
68.4078,5616.4022,0.0000,5.0084
68.7333,5613.4792,0.0000,5.0259
69.0588,5610.0893,0.0000,5.0434
69.3844,5608.5661,0.0000,5.0609
69.7099,5605.8627,0.0000,5.0784
70.0354,5605.0950,0.0000,5.0959
70.3609,5607.5276,0.0000,5.1134
70.6864,5591.2104,0.0000,5.1309
71.0119,5597.1811,0.0000,5.1484
71.3374,5596.4442,0.0000,5.1659
71.6629,5594.6788,0.0000,5.1834
71.9885,5590.1575,0.0000,5.2010
72.3140,5583.1270,0.0000,5.2185
72.6395,5588.2399,0.0000,5.2360
72.9650,5590.9540,0.0000,5.2535
73.2905,5577.3561,0.0000,5.2710
73.6359,5583.5644,0.0000,5.2885
73.9875,5577.2075,0.0000,5.3060
74.3391,5575.9591,0.0000,5.3235
74.6907,5570.3049,0.0000,5.3410
75.0423,5570.6358,0.0000,5.3585
75.3938,5574.1729,0.0000,5.3760
75.7454,5569.4784,0.0000,5.3935
76.0970,5571.3186,0.0000,5.4111
76.4486,5567.1928,0.0000,5.4286
76.8002,5562.4250,0.0000,5.4461
77.1517,5564.8083,0.0000,5.4636
77.5033,5558.0574,0.0000,5.4811
77.8549,5557.2353,0.0000,5.4986
78.2065,5551.1157,0.0000,5.5161
78.5580,5550.2029,0.0000,5.5336
78.9096,5545.3454,0.0000,5.5511
79.2612,5549.0663,0.0000,5.5686
79.6128,5539.2950,0.0000,5.5861
79.9644,5543.9737,0.0000,5.6036
80.3159,5538.3845,0.0000,5.6211
80.6675,5540.9675,0.0000,5.6387
81.0191,5537.3126,0.0000,5.6562
81.3707,5538.8732,0.0000,5.6737
81.7222,5532.8750,0.0000,5.6912
82.0738,5522.6315,0.0000,5.7087
82.4254,5525.7157,0.0000,5.7262
82.7770,5519.6643,0.0000,5.7437
83.1286,5519.7687,0.0000,5.7612
83.4801,5524.6884,0.0000,5.7787
83.8317,5519.4468,0.0000,5.7962
84.1855,5512.5855,0.0000,5.8137
84.5614,5509.3001,0.0000,5.8312
84.9372,5510.7793,0.0000,5.8488
85.3130,5504.2229,0.0000,5.8663
85.6888,5503.9482,0.0000,5.8838
86.0647,5505.2056,0.0000,5.9013
86.4405,5505.9735,0.0000,5.9188
86.8163,5501.8770,0.0000,5.9363
87.1921,5489.5432,0.0000,5.9538
87.5680,5496.4443,0.0000,5.9713
87.9438,5493.4475,0.0000,5.9888
88.3196,5492.4604,0.0000,6.0063
88.6954,5494.4849,0.0000,6.0238
89.0713,5479.4231,0.0000,6.0413
89.4471,5482.3920,0.0000,6.0589
89.8229,5484.3454,0.0000,6.0764
90.1987,5474.5580,0.0000,6.0939
90.5746,5483.0757,0.0000,6.1114
90.9504,5477.0155,0.0000,6.1289
91.3262,5476.5057,0.0000,6.1464
91.7020,5469.3607,0.0000,6.1639
92.0779,5472.0235,0.0000,6.1814
92.4537,5470.7314,0.0000,6.1989
92.8295,5465.6232,0.0000,6.2164
93.2053,5463.4449,0.0000,6.2339
93.5812,5461.3870,0.0000,6.2514
93.9570,5455.2355,0.0000,6.2690
94.3328,5455.5572,0.0000,6.2865
94.7086,5453.3561,0.0000,6.3040
95.0936,5453.0481,0.0000,6.3215
95.4922,5453.0220,0.0000,6.3390
95.8907,5443.6341,0.0000,6.3565
96.2893,5444.7178,0.0000,6.3740
96.6879,5448.1568,0.0000,6.3915
97.0865,5438.1855,0.0000,6.4090
97.4851,5435.7265,0.0000,6.4265
97.8837,5437.1289,0.0000,6.4440
98.2823,5437.1925,0.0000,6.4615
98.6809,5432.0935,0.0000,6.4791
99.0795,5434.5212,0.0000,6.4966
99.4781,5430.6850,0.0000,6.5141
99.8767,5428.4490,0.0000,6.5316
100.2752,5425.2584,0.0000,6.5491
100.6738,5429.2821,0.0000,6.5666
101.0724,5418.2336,0.0000,6.5841
101.4710,5409.7557,0.0000,6.6016
101.8696,5420.1993,0.0000,6.6191
102.2682,5410.7988,0.0000,6.6366
102.6668,5410.5947,0.0000,6.6541
103.0654,5412.6169,0.0000,6.6716
103.4640,5400.2419,0.0000,6.6892
103.8626,5399.2854,0.0000,6.7067
104.2611,5395.8781,0.0000,6.7242
104.6597,5396.5194,0.0000,6.7417
105.0583,5398.6540,0.0000,6.7592
105.4569,5396.7663,0.0000,6.7767
105.8629,5393.7150,0.0000,6.7942
106.2831,5385.6197,0.0000,6.8117
106.7032,5380.2954,0.0000,6.8292
107.1233,5386.3873,0.0000,6.8467
107.5434,5382.3622,0.0000,6.8642
107.9635,5383.4377,0.0000,6.8817
108.3837,5382.1030,0.0000,6.8993
108.8038,5377.9464,0.0000,6.9168
109.2239,5377.9394,0.0000,6.9343
109.6440,5373.8975,0.0000,6.9518
110.0641,5372.7668,0.0000,6.9693
110.4842,5366.2616,0.0000,6.9868
110.9044,5365.9157,0.0000,7.0043
111.3245,5365.0494,0.0000,7.0218
111.7446,5365.0489,0.0000,7.0393
112.1647,5358.6153,0.0000,7.0568
112.5848,5359.6339,0.0000,7.0743
113.0049,5354.6957,0.0000,7.0918
113.4251,5353.0311,0.0000,7.1094
113.8452,5354.1622,0.0000,7.1269
114.2653,5342.0995,0.0000,7.1444
114.6854,5342.3539,0.0000,7.1619
115.1055,5339.5203,0.0000,7.1794
115.5257,5334.3566,0.0000,7.1969
115.9458,5337.9667,0.0000,7.2144
116.3659,5340.7800,0.0000,7.2319
116.7999,5334.9763,0.0000,7.2494
117.2405,5334.4820,0.0000,7.2669
117.6811,5335.4184,0.0000,7.2844
118.1216,5334.0694,0.0000,7.3019
118.5622,5326.9968,0.0000,7.3195
119.0028,5329.7927,0.0000,7.3370
119.4434,5323.1940,0.0000,7.3545
119.8840,5317.7570,0.0000,7.3720
120.3246,5316.4239,0.0000,7.3895
120.7652,5311.1387,0.0000,7.4070
121.2058,5311.0285,0.0000,7.4245
121.6464,5310.7003,0.0000,7.4420
122.0870,5312.5823,0.0000,7.4595
122.5275,5313.6088,0.0000,7.4770
122.9681,5300.5648,0.0000,7.4945
123.4087,5304.5937,0.0000,7.5120
123.8493,5297.3932,0.0000,7.5295
124.2899,5300.5130,0.0000,7.5471
124.7305,5296.2091,0.0000,7.5646
125.1711,5288.0761,0.0000,7.5821
125.6117,5295.5496,0.0000,7.5996
126.0523,5287.9995,0.0000,7.6171
126.4929,5286.0647,0.0000,7.6346
126.9334,5282.0055,0.0000,7.6521
127.3780,5281.2760,0.0000,7.6696
127.8381,5282.8800,0.0000,7.6871
128.2983,5278.5364,0.0000,7.7046
128.7584,5278.1654,0.0000,7.7221
129.2186,5276.0982,0.0000,7.7396
129.6787,5277.2702,0.0000,7.7572
130.1389,5269.2645,0.0000,7.7747
130.5990,5263.1116,0.0000,7.7922
131.0592,5269.8322,0.0000,7.8097
131.5193,5262.7531,0.0000,7.8272
131.9795,5265.6307,0.0000,7.8447
132.4396,5260.8878,0.0000,7.8622
132.8998,5256.9034,0.0000,7.8797
133.3599,5256.3994,0.0000,7.8972
133.8201,5259.8236,0.0000,7.9147
134.2802,5258.0809,0.0000,7.9322
134.7404,5248.8706,0.0000,7.9497
135.2005,5247.0048,0.0000,7.9673
135.6607,5248.0274,0.0000,7.9848
136.1208,5239.1171,0.0000,8.0023
136.5810,5241.0590,0.0000,8.0198
137.0411,5237.6191,0.0000,8.0373
137.5013,5236.6247,0.0000,8.0548
137.9614,5230.4255,0.0000,8.0723
138.4360,5225.5952,0.0000,8.0898
138.9149,5221.7196,0.0000,8.1073
139.3938,5222.8806,0.0000,8.1248
139.8727,5223.0024,0.0000,8.1423
140.3516,5221.3980,0.0000,8.1598
140.8305,5227.0208,0.0000,8.1774
141.3094,5221.9278,0.0000,8.1949
141.7883,5212.5059,0.0000,8.2124
142.2672,5214.9066,0.0000,8.2299
142.7461,5210.0812,0.0000,8.2474
143.2251,5208.3270,0.0000,8.2649
143.7040,5207.7873,0.0000,8.2824
144.1829,5207.1221,0.0000,8.2999
144.6618,5201.5840,0.0000,8.3174
145.1407,5204.3112,0.0000,8.3349
145.6196,5194.4073,0.0000,8.3524
146.0985,5196.2427,0.0000,8.3699
146.5774,5203.1287,0.0000,8.3875
147.0563,5192.6340,0.0000,8.4050
147.5352,5194.6858,0.0000,8.4225
148.0141,5187.8062,0.0000,8.4400
148.4930,5187.3350,0.0000,8.4575
148.9765,5182.9199,0.0000,8.4750
149.4734,5180.3386,0.0000,8.4925
149.6862,5177.2718,0.0000,8.5000
149.9704,5127.9255,0.0000,8.5100
150.4673,5089.4148,0.0000,8.5275
150.9643,5071.3590,0.0000,8.5450
151.4613,5054.0581,0.0000,8.5625
151.9582,5035.5074,0.0000,8.5800
152.4552,5019.0545,0.0000,8.5976
152.9521,5008.8559,0.0000,8.6151
153.4491,4994.4690,0.0000,8.6326
153.9461,4987.9699,0.0000,8.6501
154.4430,4968.1469,0.0000,8.6676
154.9400,4963.8484,0.0000,8.6851
155.4369,4949.0414,0.0000,8.7026
155.9339,4942.2160,0.0000,8.7201
156.4308,4944.0613,0.0000,8.7376
156.9278,4934.6157,0.0000,8.7551
157.4248,4921.4784,0.0000,8.7726
157.9217,4911.5404,0.0000,8.7901
158.4187,4899.4883,0.0000,8.8077
158.9156,4901.2669,0.0000,8.8252
159.4126,4905.1661,0.0000,8.8427
159.9191,4891.9460,0.0000,8.8602
160.4335,4882.3833,0.0000,8.8777
160.9479,4880.0629,0.0000,8.8952
161.4623,4867.2289,0.0000,8.9127
161.9766,4866.0620,0.0000,8.9302
162.4910,4862.0049,0.0000,8.9477
163.0054,4856.0448,0.0000,8.9652
163.5198,4853.9309,0.0000,8.9827
164.0341,4847.3068,0.0000,9.0002
164.5485,4843.4912,0.0000,9.0178
165.0629,4833.9025,0.0000,9.0353
165.5773,4834.7167,0.0000,9.0528
166.0916,4832.6361,0.0000,9.0703
166.6060,4818.9930,0.0000,9.0878
167.1204,4814.8244,0.0000,9.1053
167.6348,4818.2344,0.0000,9.1228
168.1491,4808.5987,0.0000,9.1403
168.6635,4809.9690,0.0000,9.1578
169.1779,4799.3689,0.0000,9.1753
169.6922,4801.9444,0.0000,9.1928
170.2066,4793.3150,0.0000,9.2103
170.7309,4789.8280,0.0000,9.2278
171.2621,4790.5342,0.0000,9.2454
171.7933,4779.9866,0.0000,9.2629
172.3245,4774.2135,0.0000,9.2804
172.8557,4772.2496,0.0000,9.2979
173.3870,4771.7703,0.0000,9.3154
173.9182,4761.1282,0.0000,9.3329
174.4494,4765.3126,0.0000,9.3504
174.9806,4757.7192,0.0000,9.3679
175.5118,4760.1943,0.0000,9.3854
176.0430,4744.4163,0.0000,9.4029
176.5743,4746.7083,0.0000,9.4204
177.1055,4740.2681,0.0000,9.4379
177.6367,4740.0315,0.0000,9.4555
178.1679,4740.5847,0.0000,9.4730
178.6991,4735.9258,0.0000,9.4905
179.2303,4732.5412,0.0000,9.5080
179.7616,4729.7843,0.0000,9.5255
180.2928,4728.0043,0.0000,9.5430
180.8240,4720.7501,0.0000,9.5605
181.3599,4723.7770,0.0000,9.5780
181.9074,4720.6802,0.0000,9.5955
182.4550,4716.8001,0.0000,9.6130
183.0025,4714.5250,0.0000,9.6305
183.5501,4710.7714,0.0000,9.6480
184.0976,4714.0450,0.0000,9.6656
184.6451,4703.8364,0.0000,9.6831
185.1927,4700.3153,0.0000,9.7006
185.7402,4696.0310,0.0000,9.7181
186.2878,4692.3623,0.0000,9.7356
186.8353,4688.9545,0.0000,9.7531
187.3829,4687.5616,0.0000,9.7706
187.9304,4687.8141,0.0000,9.7881
188.4779,4686.6468,0.0000,9.8056
189.0255,4683.0967,0.0000,9.8231
189.5730,4677.7044,0.0000,9.8406
190.1206,4681.0251,0.0000,9.8581
190.6681,4677.9772,0.0000,9.8757
191.2157,4672.3689,0.0000,9.8932
191.7632,4668.2041,0.0000,9.9107
192.3201,4669.9931,0.0000,9.9282
192.8835,4666.3380,0.0000,9.9457
193.4469,4658.2401,0.0000,9.9632
194.0103,4660.7204,0.0000,9.9807
194.5737,4659.5464,0.0000,9.9982
195.1371,4653.1718,0.0000,10.0157
195.7005,4654.6969,0.0000,10.0332
196.2639,4646.6723,0.0000,10.0507
196.8273,4654.1920,0.0000,10.0682
197.3907,4651.6535,0.0000,10.0858
197.9541,4644.1911,0.0000,10.1033
198.5175,4644.1548,0.0000,10.1208
199.0808,4632.2739,0.0000,10.1383
199.6442,4634.5053,0.0000,10.1558
200.2076,4635.3857,0.0000,10.1733
200.7710,4630.5402,0.0000,10.1908
201.3344,4634.6889,0.0000,10.2083
201.8978,4637.0915,0.0000,10.2258
202.4612,4623.9118,0.0000,10.2433
203.0316,4623.0440,0.0000,10.2608
203.6104,4624.7604,0.0000,10.2783
204.1892,4627.5520,0.0000,10.2959
204.7680,4615.6271,0.0000,10.3134
205.3468,4618.7845,0.0000,10.3309
205.9256,4622.3099,0.0000,10.3484
206.5044,4608.1914,0.0000,10.3659
207.0832,4607.5406,0.0000,10.3834
207.6621,4608.6078,0.0000,10.4009
208.2409,4606.3485,0.0000,10.4184
208.8197,4609.1088,0.0000,10.4359
209.3985,4605.2182,0.0000,10.4534
209.9773,4596.2813,0.0000,10.4709
210.5561,4602.4322,0.0000,10.4884
211.1349,4596.7546,0.0000,10.5060
211.7137,4601.3971,0.0000,10.5235
212.2925,4592.9134,0.0000,10.5410
212.8713,4591.0677,0.0000,10.5585
213.4502,4593.3882,0.0000,10.5760
214.0413,4592.3750,0.0000,10.5935
214.6351,4589.4958,0.0000,10.6110
215.2290,4580.2624,0.0000,10.6285
215.8228,4586.2914,0.0000,10.6460
216.4166,4579.0461,0.0000,10.6635
217.0104,4581.7590,0.0000,10.6810
217.6043,4574.2330,0.0000,10.6985
218.1981,4579.0700,0.0000,10.7161
218.7919,4572.9876,0.0000,10.7336
219.3857,4569.6351,0.0000,10.7511
219.9796,4574.9471,0.0000,10.7686
220.5734,4571.6294,0.0000,10.7861
221.1672,4566.9802,0.0000,10.8036
221.7610,4572.5640,0.0000,10.8211
222.3549,4564.3086,0.0000,10.8386
222.9487,4564.3393,0.0000,10.8561
223.5425,4563.5541,0.0000,10.8736
224.1364,4558.8400,0.0000,10.8911
224.7399,4561.0634,0.0000,10.9086
225.3483,4555.9625,0.0000,10.9262
225.9568,4554.8135,0.0000,10.9437
226.5653,4559.4576,0.0000,10.9612
227.1738,4549.4897,0.0000,10.9787
227.7822,4543.1395,0.0000,10.9962
228.3907,4555.6841,0.0000,11.0137
228.9992,4557.4390,0.0000,11.0312
229.6076,4545.5774,0.0000,11.0487
230.2161,4538.7050,0.0000,11.0662
230.8246,4542.8941,0.0000,11.0837
231.4331,4541.4844,0.0000,11.1012
232.0415,4540.3354,0.0000,11.1187
232.6500,4535.6255,0.0000,11.1362
233.2585,4540.0813,0.0000,11.1538
233.8670,4538.4274,0.0000,11.1713
234.4754,4529.9081,0.0000,11.1888
235.0839,4536.1406,0.0000,11.2063
235.7058,4539.4406,0.0000,11.2238
236.3286,4531.4287,0.0000,11.2413
236.9514,4528.2247,0.0000,11.2588
237.5741,4527.4944,0.0000,11.2763
238.1969,4528.7386,0.0000,11.2938
238.8197,4519.1291,0.0000,11.3113
239.4424,4524.3706,0.0000,11.3288
240.0652,4521.0447,0.0000,11.3463
240.6880,4527.5022,0.0000,11.3639
241.3108,4519.0558,0.0000,11.3814
241.9335,4524.1409,0.0000,11.3989
242.5563,4513.0851,0.0000,11.4164
243.1791,4517.6555,0.0000,11.4339
243.8019,4515.3769,0.0000,11.4514
244.4246,4509.8830,0.0000,11.4689
245.0474,4512.2182,0.0000,11.4864
245.6702,4514.5204,0.0000,11.5039
246.3017,4507.8293,0.0000,11.5214
246.9384,4501.7333,0.0000,11.5389
247.5752,4506.2929,0.0000,11.5564
248.2119,4501.9016,0.0000,11.5740
248.8487,4502.5740,0.0000,11.5915
249.4854,4502.2051,0.0000,11.6090
250.1222,4495.2456,0.0000,11.6265
250.7589,4494.2916,0.0000,11.6440
251.3957,4500.3709,0.0000,11.6615
252.0324,4495.5975,0.0000,11.6790
252.6692,4487.1999,0.0000,11.6965
253.3059,4497.6789,0.0000,11.7140
253.9427,4494.6467,0.0000,11.7315
254.5795,4489.9622,0.0000,11.7490
255.2162,4486.6251,0.0000,11.7665
255.8530,4492.9384,0.0000,11.7841
256.4897,4490.0206,0.0000,11.8016
257.1359,4495.9275,0.0000,11.8191
257.7863,4487.8553,0.0000,11.8366
258.4367,4486.5434,0.0000,11.8541
259.0872,4483.4095,0.0000,11.8716
259.7376,4485.6653,0.0000,11.8891
260.3880,4483.8128,0.0000,11.9066
261.0385,4484.8298,0.0000,11.9241
261.6889,4477.4532,0.0000,11.9416
262.3393,4476.5884,0.0000,11.9591
262.9898,4475.2752,0.0000,11.9766
263.6402,4478.5648,0.0000,11.9942
264.2906,4479.8915,0.0000,12.0117
264.9411,4471.8966,0.0000,12.0292
265.5915,4470.8762,0.0000,12.0467
266.2419,4472.3277,0.0000,12.0642
266.8924,4469.2388,0.0000,12.0817
267.5443,4472.3066,0.0000,12.0992
268.2081,4459.9737,0.0000,12.1167
268.8719,4463.8467,0.0000,12.1342
269.5357,4462.8920,0.0000,12.1517
270.1996,4456.4042,0.0000,12.1692
270.8634,4460.0525,0.0000,12.1867
271.5272,4459.1268,0.0000,12.2043
272.1910,4460.5352,0.0000,12.2218
272.8549,4464.0484,0.0000,12.2393
273.5187,4458.2139,0.0000,12.2568
274.1825,4454.3869,0.0000,12.2743
274.8464,4456.7231,0.0000,12.2918
275.5102,4459.5268,0.0000,12.3093
276.1740,4451.3756,0.0000,12.3268
276.8378,4450.5457,0.0000,12.3443
277.5017,4454.6332,0.0000,12.3618
278.1655,4450.8529,0.0000,12.3793
278.8407,4452.8489,0.0000,12.3968
279.5176,4449.4936,0.0000,12.4144
280.1946,4450.9602,0.0000,12.4319
280.8716,4443.8488,0.0000,12.4494
281.5485,4446.4007,0.0000,12.4669
282.2255,4444.6813,0.0000,12.4844
282.9024,4440.1429,0.0000,12.5019
283.5794,4437.9103,0.0000,12.5194
284.2564,4444.7706,0.0000,12.5369
284.9333,4440.1343,0.0000,12.5544
285.6103,4436.7808,0.0000,12.5719
286.2872,4439.0223,0.0000,12.5894
286.9642,4442.3112,0.0000,12.6069
287.6412,4429.3886,0.0000,12.6245
288.3181,4431.1450,0.0000,12.6420
288.9951,4432.1690,0.0000,12.6595
289.6841,4439.5331,0.0000,12.6770
290.3739,4434.4316,0.0000,12.6945
291.0638,4435.1556,0.0000,12.7120
291.7536,4427.5107,0.0000,12.7295
292.4435,4426.6179,0.0000,12.7470
293.1333,4431.1423,0.0000,12.7645
293.8231,4428.8214,0.0000,12.7820
294.5130,4429.5841,0.0000,12.7995
295.2028,4426.0565,0.0000,12.8170
295.8927,4426.7402,0.0000,12.8346
296.5825,4425.3772,0.0000,12.8521
297.2724,4426.6065,0.0000,12.8696
297.9622,4425.7730,0.0000,12.8871
298.6520,4416.3466,0.0000,12.9046
299.3419,4413.2219,0.0000,12.9221
300.0356,4423.6681,0.0000,12.9396
300.7380,4423.3972,0.0000,12.9571
301.4405,4414.7496,0.0000,12.9746
302.1430,4410.8973,0.0000,12.9921
302.8455,4416.8417,0.0000,13.0096
303.5480,4418.8448,0.0000,13.0271
304.2505,4420.9735,0.0000,13.0446
304.9530,4415.5874,0.0000,13.0622
305.6554,4411.5811,0.0000,13.0797
306.3579,4408.8612,0.0000,13.0972
307.0604,4411.1355,0.0000,13.1147
307.7629,4409.1595,0.0000,13.1322
308.4654,4405.7689,0.0000,13.1497
309.1679,4415.6102,0.0000,13.1672
309.8704,4413.8087,0.0000,13.1847
310.5729,4410.6611,0.0000,13.2022
311.2872,4402.5893,0.0000,13.2197
312.0021,4407.9353,0.0000,13.2372
312.7170,4406.3151,0.0000,13.2547
313.4319,4404.7620,0.0000,13.2723
314.1468,4406.7266,0.0000,13.2898
314.8617,4403.7194,0.0000,13.3073
315.5766,4403.2314,0.0000,13.3248
316.2915,4402.0193,0.0000,13.3423
317.0064,4400.1347,0.0000,13.3598
317.7213,4391.8540,0.0000,13.3773
318.4363,4397.5470,0.0000,13.3948
319.1512,4394.4682,0.0000,13.4123
319.8661,4391.0990,0.0000,13.4298
320.5810,4400.6312,0.0000,13.4473
321.2959,4399.9656,0.0000,13.4648
322.0214,4397.8435,0.0000,13.4824
322.7485,4393.1544,0.0000,13.4999
323.4756,4396.1661,0.0000,13.5174
324.2028,4390.6617,0.0000,13.5349
324.9299,4390.5127,0.0000,13.5524
325.6570,4385.1619,0.0000,13.5699
326.3841,4389.5674,0.0000,13.5874
327.1112,4387.5809,0.0000,13.6049
327.8383,4382.0047,0.0000,13.6224
328.5655,4385.5818,0.0000,13.6399
329.2926,4384.6817,0.0000,13.6574
330.0197,4390.4546,0.0000,13.6749
330.7468,4386.4980,0.0000,13.6925
331.4739,4382.6160,0.0000,13.7100
332.2015,4382.6570,0.0000,13.7275
332.9406,4381.1540,0.0000,13.7450
333.6798,4379.5046,0.0000,13.7625
334.4189,4375.6444,0.0000,13.7800
335.1580,4378.1249,0.0000,13.7975
335.8971,4375.2655,0.0000,13.8150
336.6363,4372.7265,0.0000,13.8325
337.3754,4378.1202,0.0000,13.8500
338.1145,4376.9311,0.0000,13.8675
338.8536,4368.5415,0.0000,13.8850
339.5928,4373.6014,0.0000,13.9026
340.3319,4376.7540,0.0000,13.9201
341.0710,4376.2170,0.0000,13.9376
341.8101,4375.3432,0.0000,13.9551
342.5493,4371.1346,0.0000,13.9726
343.2937,4367.2887,0.0000,13.9901
344.0446,4365.7037,0.0000,14.0076
344.7956,4369.9555,0.0000,14.0251
345.5465,4369.3320,0.0000,14.0426
346.2974,4371.7676,0.0000,14.0601
347.0484,4370.3717,0.0000,14.0776
347.7993,4365.3211,0.0000,14.0951
348.5503,4360.6937,0.0000,14.1127
349.3012,4363.1983,0.0000,14.1302
350.0521,4364.3445,0.0000,14.1477
350.8031,4362.1482,0.0000,14.1652
351.5540,4360.1065,0.0000,14.1827
352.3050,4362.2901,0.0000,14.2002
353.0559,4358.9192,0.0000,14.2177
353.8079,4357.7652,0.0000,14.2352
354.5705,4360.3361,0.0000,14.2527
355.3330,4357.1238,0.0000,14.2702
356.0956,4358.6721,0.0000,14.2877
356.8582,4358.0630,0.0000,14.3052
357.6207,4352.4101,0.0000,14.3228
358.3833,4354.0073,0.0000,14.3403
359.1459,4360.0194,0.0000,14.3578
359.9085,4350.2177,0.0000,14.3753
360.6710,4346.1766,0.0000,14.3928
361.4336,4346.3704,0.0000,14.4103
362.1962,4352.2929,0.0000,14.4278
362.9587,4351.6054,0.0000,14.4453
363.7213,4350.3938,0.0000,14.4628
364.4839,4354.3655,0.0000,14.4803
365.2573,4340.0733,0.0000,14.4978
366.0313,4350.1285,0.0000,14.5153
366.8054,4353.5243,0.0000,14.5329
367.5794,4343.4305,0.0000,14.5504
368.3534,4345.3690,0.0000,14.5679
369.1275,4343.3858,0.0000,14.5854
369.9015,4342.2152,0.0000,14.6029
370.6755,4343.5301,0.0000,14.6204
371.4496,4348.9967,0.0000,14.6379
372.2236,4349.7619,0.0000,14.6554
372.9976,4341.4877,0.0000,14.6729
373.7716,4348.6656,0.0000,14.6904
374.5457,4341.4588,0.0000,14.7079
375.3199,4346.8105,0.0000,14.7254
376.1052,4339.6862,0.0000,14.7429
376.8905,4339.8135,0.0000,14.7605
377.6758,4339.9780,0.0000,14.7780
378.4612,4349.1707,0.0000,14.7955
379.2465,4340.3720,0.0000,14.8130
380.0318,4334.2668,0.0000,14.8305
380.8171,4339.4852,0.0000,14.8480
381.6024,4334.1807,0.0000,14.8655
382.3878,4333.0882,0.0000,14.8830
383.1731,4337.3395,0.0000,14.9005
383.9584,4333.6271,0.0000,14.9180
384.7437,4333.8540,0.0000,14.9355
385.5290,4332.2904,0.0000,14.9530
386.3175,4332.7838,0.0000,14.9706
387.1140,4332.4593,0.0000,14.9881
387.9104,4323.5604,0.0000,15.0056
388.7069,4332.0424,0.0000,15.0231
389.5033,4325.6438,0.0000,15.0406
390.2998,4323.4060,0.0000,15.0581
391.0962,4327.6246,0.0000,15.0756
391.8927,4327.4996,0.0000,15.0931
392.6891,4324.1568,0.0000,15.1106
393.4856,4328.8729,0.0000,15.1281
394.2820,4320.6485,0.0000,15.1456
395.0785,4323.3054,0.0000,15.1631
395.8749,4322.0679,0.0000,15.1807
396.6714,4323.3388,0.0000,15.1982
397.4760,4323.8666,0.0000,15.2157
398.2834,4318.7532,0.0000,15.2332
399.0909,4324.2078,0.0000,15.2507
399.8983,4321.2870,0.0000,15.2682
400.7057,4313.8400,0.0000,15.2857
401.5131,4313.0037,0.0000,15.3032
402.3206,4319.2143,0.0000,15.3207
403.1280,4317.8842,0.0000,15.3382
403.9354,4317.6975,0.0000,15.3557
404.7428,4317.3650,0.0000,15.3732
405.5503,4317.6574,0.0000,15.3908
406.3577,4319.5914,0.0000,15.4083
407.1651,4311.7941,0.0000,15.4258
407.9768,4310.9909,0.0000,15.4433
408.7950,4310.6776,0.0000,15.4608
409.6133,4314.9284,0.0000,15.4783
410.4315,4317.6891,0.0000,15.4958
411.2498,4311.2382,0.0000,15.5133
412.0681,4303.4097,0.0000,15.5308
412.8863,4305.6209,0.0000,15.5483
413.7046,4308.0900,0.0000,15.5658
414.5228,4308.4759,0.0000,15.5833
415.3411,4308.4224,0.0000,15.6009
416.1593,4309.4121,0.0000,15.6184
416.9776,4307.6128,0.0000,15.6359
417.7958,4311.8050,0.0000,15.6534
418.6164,4305.1961,0.0000,15.6709
419.4453,4303.9753,0.0000,15.6884
420.2742,4308.1023,0.0000,15.7059
421.1032,4300.4858,0.0000,15.7234
421.9321,4306.6603,0.0000,15.7409
422.7611,4305.0925,0.0000,15.7584
423.5900,4303.6562,0.0000,15.7759
424.4190,4309.1714,0.0000,15.7934
425.2479,4300.8763,0.0000,15.8110
426.0768,4309.7081,0.0000,15.8285
426.9058,4301.1525,0.0000,15.8460
427.7347,4296.9179,0.0000,15.8635
428.5637,4301.0795,0.0000,15.8810
429.3948,4296.5166,0.0000,15.8985
430.2343,4297.1025,0.0000,15.9160
431.0737,4300.5748,0.0000,15.9335
431.9132,4300.5826,0.0000,15.9510
432.7527,4295.9148,0.0000,15.9685
433.5922,4301.0041,0.0000,15.9860
434.4317,4301.0565,0.0000,16.0035
435.2712,4301.4908,0.0000,16.0211
436.1107,4297.7765,0.0000,16.0386
436.9502,4300.1567,0.0000,16.0561
437.7897,4288.2645,0.0000,16.0736
438.6292,4293.1985,0.0000,16.0911
439.4687,4290.7419,0.0000,16.1086
440.3119,4293.6603,0.0000,16.1261
441.1618,4290.7108,0.0000,16.1436
442.0117,4291.5986,0.0000,16.1611
442.8617,4298.2383,0.0000,16.1786
443.7116,4290.5286,0.0000,16.1961
444.5615,4292.0441,0.0000,16.2136
445.4114,4289.2574,0.0000,16.2312
446.2613,4289.8111,0.0000,16.2487
447.1112,4289.0443,0.0000,16.2662
447.9612,4290.0707,0.0000,16.2837
448.8111,4292.0598,0.0000,16.3012
449.6610,4293.2281,0.0000,16.3187
450.5109,4288.0281,0.0000,16.3362
451.3677,4288.4914,0.0000,16.3537
452.2279,4281.8847,0.0000,16.3712
453.0881,4285.0911,0.0000,16.3887
453.9483,4288.1770,0.0000,16.4062
454.8086,4287.4054,0.0000,16.4237
455.6688,4284.6049,0.0000,16.4413
456.5290,4286.4576,0.0000,16.4588
457.3892,4284.5652,0.0000,16.4763
458.2494,4286.5420,0.0000,16.4938
459.1096,4282.8484,0.0000,16.5113
459.9698,4280.0866,0.0000,16.5288
460.8300,4282.0041,0.0000,16.5463
461.6916,4270.0699,0.0000,16.5638
462.5620,4281.1666,0.0000,16.5813
463.4324,4266.5578,0.0000,16.5988
464.3027,4272.7970,0.0000,16.6163
465.1731,4279.9135,0.0000,16.6338
466.0435,4279.5079,0.0000,16.6513
466.9139,4273.2736,0.0000,16.6689
467.7843,4274.3564,0.0000,16.6864
468.6547,4281.1534,0.0000,16.7039
469.5250,4274.1714,0.0000,16.7214
470.3954,4283.2259,0.0000,16.7389
471.2658,4274.8803,0.0000,16.7564
472.1362,4275.8276,0.0000,16.7739
473.0141,4279.5721,0.0000,16.7914
473.8945,4273.8864,0.0000,16.8089
474.7749,4269.4355,0.0000,16.8264
475.6554,4272.0767,0.0000,16.8439
476.5358,4271.8543,0.0000,16.8614
477.4163,4266.7216,0.0000,16.8790
478.2967,4270.1232,0.0000,16.8965
479.1771,4267.9425,0.0000,16.9140
480.0576,4273.2981,0.0000,16.9315
480.9380,4269.7077,0.0000,16.9490
481.8184,4268.1216,0.0000,16.9665
482.6989,4268.2657,0.0000,16.9840
483.5842,4268.9454,0.0000,17.0015
484.4746,4269.8514,0.0000,17.0190
485.3650,4263.7228,0.0000,17.0365
486.2554,4263.1066,0.0000,17.0540
487.1458,4270.1499,0.0000,17.0715
488.0362,4264.3729,0.0000,17.0891
488.9265,4260.3906,0.0000,17.1066
489.8169,4266.4375,0.0000,17.1241
490.7073,4266.0417,0.0000,17.1416
491.5977,4258.5991,0.0000,17.1591
492.4881,4264.2976,0.0000,17.1766
493.3784,4265.6078,0.0000,17.1941
494.2726,4263.8835,0.0000,17.2116
495.1728,4264.3261,0.0000,17.2291
496.0730,4256.7412,0.0000,17.2466
496.9732,4262.3578,0.0000,17.2641
497.8734,4259.6840,0.0000,17.2816
498.7737,4258.5985,0.0000,17.2992
499.6739,4262.8813,0.0000,17.3167
500.5741,4264.5590,0.0000,17.3342
501.4743,4265.2099,0.0000,17.3517
502.3745,4263.0806,0.0000,17.3692
503.2747,4257.6449,0.0000,17.3867
504.1749,4258.8147,0.0000,17.4042
505.0791,4259.8162,0.0000,17.4217
505.9890,4257.1096,0.0000,17.4392
506.8990,4256.6974,0.0000,17.4567
507.8089,4258.6780,0.0000,17.4742
508.7188,4255.1435,0.0000,17.4917
509.6288,4252.3557,0.0000,17.5093
510.5387,4253.0156,0.0000,17.5268
511.4486,4256.2441,0.0000,17.5443
512.3586,4253.5959,0.0000,17.5618
513.2685,4254.3372,0.0000,17.5793
514.1785,4255.0538,0.0000,17.5968
515.0884,4250.9595,0.0000,17.6143
516.0037,4254.4823,0.0000,17.6318
516.9232,4252.7263,0.0000,17.6493
517.8428,4246.6443,0.0000,17.6668
518.7623,4255.5810,0.0000,17.6843
519.6819,4248.3481,0.0000,17.7018
520.6015,4243.8765,0.0000,17.7194
521.5210,4245.5813,0.0000,17.7369
522.4406,4245.2359,0.0000,17.7544
523.3601,4248.5637,0.0000,17.7719
524.2797,4246.9950,0.0000,17.7894
525.1993,4246.3479,0.0000,17.8069
526.1188,4249.2701,0.0000,17.8244
527.0463,4247.8659,0.0000,17.8419
527.9754,4247.3586,0.0000,17.8594
528.9044,4247.2638,0.0000,17.8769
529.8335,4247.5639,0.0000,17.8944
530.7626,4237.6084,0.0000,17.9119
531.6917,4243.2904,0.0000,17.9295
532.6208,4236.5159,0.0000,17.9470
533.5499,4243.8544,0.0000,17.9645
534.4789,4243.2944,0.0000,17.9820
535.4080,4246.5533,0.0000,17.9995
536.3371,4246.6349,0.0000,18.0170
537.2683,4242.7730,0.0000,18.0345
538.2068,4239.8980,0.0000,18.0520
539.1453,4242.9342,0.0000,18.0695
540.0838,4238.9762,0.0000,18.0870
541.0223,4240.4077,0.0000,18.1045
541.9608,4243.4535,0.0000,18.1220
542.8993,4237.6402,0.0000,18.1396
543.8378,4242.0035,0.0000,18.1571
544.7763,4241.1466,0.0000,18.1746
545.7149,4235.0269,0.0000,18.1921
546.6534,4241.3711,0.0000,18.2096
547.5919,4240.0021,0.0000,18.2271
548.5372,4237.5093,0.0000,18.2446
549.4850,4234.0808,0.0000,18.2621
550.4329,4233.3389,0.0000,18.2796
551.3807,4234.0624,0.0000,18.2971
552.3286,4237.4422,0.0000,18.3146
553.2764,4231.7981,0.0000,18.3321
554.2243,4236.2746,0.0000,18.3497
555.1721,4229.9986,0.0000,18.3672
556.1199,4233.2327,0.0000,18.3847
557.0678,4233.9337,0.0000,18.4022
558.0156,4241.7118,0.0000,18.4197
558.9667,4227.9379,0.0000,18.4372
559.9238,4237.5160,0.0000,18.4547
560.8809,4232.4947,0.0000,18.4722
561.8380,4233.0165,0.0000,18.4897
562.7951,4231.5995,0.0000,18.5072
563.7522,4232.3506,0.0000,18.5247
564.7092,4229.8656,0.0000,18.5422
565.6663,4235.1031,0.0000,18.5597
566.6234,4228.0274,0.0000,18.5773
567.5805,4233.1997,0.0000,18.5948
568.5376,4226.5944,0.0000,18.6123
569.4955,4228.2523,0.0000,18.6298
570.4617,4224.3256,0.0000,18.6473
571.4279,4229.2851,0.0000,18.6648
572.3942,4232.3663,0.0000,18.6823
573.3604,4226.6543,0.0000,18.6998
574.3266,4225.8533,0.0000,18.7173
575.2929,4222.2595,0.0000,18.7348
576.2591,4224.9771,0.0000,18.7523
577.2253,4219.8246,0.0000,18.7698
578.1916,4221.8248,0.0000,18.7874
579.1578,4225.4349,0.0000,18.8049
580.1241,4228.8797,0.0000,18.8224
581.0987,4233.7182,0.0000,18.8399
582.0740,4221.4564,0.0000,18.8574
583.0493,4228.1573,0.0000,18.8749
584.0246,4223.6120,0.0000,18.8924
584.9999,4221.8553,0.0000,18.9099
585.9752,4223.5253,0.0000,18.9274
586.9505,4221.8552,0.0000,18.9449
587.9258,4221.6529,0.0000,18.9624
588.9011,4219.4661,0.0000,18.9799
589.8764,4215.6314,0.0000,18.9975
590.8517,4214.7524,0.0000,19.0150
591.8349,4222.0724,0.0000,19.0325
592.8191,4218.4493,0.0000,19.0500
593.8034,4216.9639,0.0000,19.0675
594.7877,4218.7132,0.0000,19.0850
595.7720,4221.0996,0.0000,19.1025
596.7563,4218.5832,0.0000,19.1200
597.7406,4215.2911,0.0000,19.1375
598.7249,4221.5154,0.0000,19.1550
599.7092,4222.3873,0.0000,19.1725
600.6934,4218.2286,0.0000,19.1900
601.6777,4219.5436,0.0000,19.2076
602.6702,4220.1216,0.0000,19.2251
603.6634,4219.3697,0.0000,19.2426
604.6565,4217.2040,0.0000,19.2601
605.6497,4216.7899,0.0000,19.2776
606.6429,4216.1562,0.0000,19.2951
607.6361,4210.1392,0.0000,19.3126
608.6293,4216.0755,0.0000,19.3301
609.6225,4208.5214,0.0000,19.3476
610.6157,4210.1302,0.0000,19.3651
611.6089,4217.1189,0.0000,19.3826
612.6026,4215.1431,0.0000,19.4001
613.6046,4217.0548,0.0000,19.4177
614.6066,4210.5453,0.0000,19.4352
615.6086,4207.1112,0.0000,19.4527
616.6106,4209.9511,0.0000,19.4702
617.6126,4210.7991,0.0000,19.4877
618.6146,4210.3684,0.0000,19.5052
619.6167,4213.7104,0.0000,19.5227
620.6187,4208.1294,0.0000,19.5402
621.6207,4210.2779,0.0000,19.5577
622.6227,4205.2382,0.0000,19.5752
623.6273,4209.9279,0.0000,19.5927
624.6381,4208.0166,0.0000,19.6102
625.6488,4205.0360,0.0000,19.6278
626.6596,4206.4902,0.0000,19.6453
627.6703,4206.3269,0.0000,19.6628
628.6811,4205.6826,0.0000,19.6803
629.6919,4212.4851,0.0000,19.6978
630.7026,4205.5987,0.0000,19.7153
631.7134,4204.7482,0.0000,19.7328
632.7241,4197.9199,0.0000,19.7503
633.7349,4201.7911,0.0000,19.7678
634.7511,4203.6606,0.0000,19.7853
635.7705,4201.8419,0.0000,19.8028
636.7899,4208.7402,0.0000,19.8203
637.8094,4202.9893,0.0000,19.8379
638.8288,4207.7392,0.0000,19.8554
639.8482,4203.1092,0.0000,19.8729
640.8677,4202.6879,0.0000,19.8904
641.8871,4201.9117,0.0000,19.9079
642.9065,4201.9013,0.0000,19.9254
643.9260,4207.5700,0.0000,19.9429
644.9458,4193.1024,0.0000,19.9604
645.9738,4193.8830,0.0000,19.9779
647.0019,4198.6554,0.0000,19.9954
648.0299,4200.2760,0.0000,20.0129
649.0579,4202.3098,0.0000,20.0304
650.0859,4201.2201,0.0000,20.0480
651.1140,4197.8900,0.0000,20.0655
652.1420,4202.4726,0.0000,20.0830
653.1700,4202.1834,0.0000,20.1005
654.1981,4198.8942,0.0000,20.1180
655.2261,4201.2923,0.0000,20.1355
656.2589,4198.5508,0.0000,20.1530
657.2954,4195.3055,0.0000,20.1705
658.3320,4199.3878,0.0000,20.1880
659.3686,4197.0079,0.0000,20.2055
660.4051,4196.3014,0.0000,20.2230
661.4417,4201.1286,0.0000,20.2405
662.4782,4187.0723,0.0000,20.2581
663.5148,4190.3662,0.0000,20.2756
664.5513,4190.8517,0.0000,20.2931
665.5879,4193.4139,0.0000,20.3106
666.6258,4193.4737,0.0000,20.3281
667.6708,4188.7692,0.0000,20.3456
668.7158,4190.2775,0.0000,20.3631
669.7608,4190.3938,0.0000,20.3806
670.8058,4201.6896,0.0000,20.3981
671.8508,4199.0771,0.0000,20.4156
672.8958,4191.0129,0.0000,20.4331
673.9409,4190.8650,0.0000,20.4506
674.9859,4187.7995,0.0000,20.4681
676.0309,4184.8279,0.0000,20.4857
677.0759,4190.7826,0.0000,20.5032
678.1279,4187.3850,0.0000,20.5207
679.1813,4190.2669,0.0000,20.5382
680.2347,4184.6501,0.0000,20.5557
681.2881,4187.2715,0.0000,20.5732
682.3415,4190.1467,0.0000,20.5907
683.3949,4190.5969,0.0000,20.6082
684.4483,4190.4655,0.0000,20.6257
685.5017,4184.0724,0.0000,20.6432
686.5551,4191.3759,0.0000,20.6607
687.6085,4185.2746,0.0000,20.6782
688.6669,4189.9818,0.0000,20.6958
689.7287,4187.4216,0.0000,20.7133
690.7904,4182.3340,0.0000,20.7308
691.8521,4185.7378,0.0000,20.7483
692.9138,4187.8169,0.0000,20.7658
693.9756,4188.3776,0.0000,20.7833
695.0373,4185.4335,0.0000,20.8008
696.0990,4190.9835,0.0000,20.8183
697.1607,4188.8444,0.0000,20.8358
698.2225,4184.1161,0.0000,20.8533
699.2878,4187.3367,0.0000,20.8708
700.3578,4191.1770,0.0000,20.8883
701.4278,4190.9684,0.0000,20.9059
702.4978,4179.5072,0.0000,20.9234
703.5678,4180.2614,0.0000,20.9409
704.6378,4188.4010,0.0000,20.9584
705.7077,4179.1999,0.0000,20.9759
706.7777,4177.9756,0.0000,20.9934
707.8477,4180.6039,0.0000,21.0109
708.9177,4183.4781,0.0000,21.0284
709.9907,4181.3511,0.0000,21.0459
711.0689,4179.1352,0.0000,21.0634
712.1470,4178.7557,0.0000,21.0809
713.2252,4178.3260,0.0000,21.0984
714.3034,4177.4451,0.0000,21.1160
715.3816,4188.2139,0.0000,21.1335
716.4597,4180.9748,0.0000,21.1510
717.5379,4182.7430,0.0000,21.1685
718.6161,4177.6339,0.0000,21.1860
719.6943,4178.4016,0.0000,21.2035
720.7754,4176.2624,0.0000,21.2210
721.8617,4169.1867,0.0000,21.2385
722.9480,4173.3530,0.0000,21.2560
724.0343,4171.5477,0.0000,21.2735
725.1207,4169.7200,0.0000,21.2910
726.2070,4173.1204,0.0000,21.3085
727.2933,4181.6518,0.0000,21.3261
728.3796,4176.5698,0.0000,21.3436
729.4659,4180.9537,0.0000,21.3611
730.5522,4177.5870,0.0000,21.3786
731.6421,4178.5999,0.0000,21.3961
732.7364,4172.4207,0.0000,21.4136
733.8308,4177.1210,0.0000,21.4311
734.9252,4177.5515,0.0000,21.4486
736.0196,4172.6971,0.0000,21.4661
737.1140,4176.3885,0.0000,21.4836
738.2084,4176.1271,0.0000,21.5011
739.3027,4171.9378,0.0000,21.5186
740.3971,4169.6478,0.0000,21.5362
741.4915,4169.1498,0.0000,21.5537
742.5906,4173.3143,0.0000,21.5712
743.6930,4173.8738,0.0000,21.5887
744.7954,4169.6736,0.0000,21.6062
745.8978,4172.2592,0.0000,21.6237
747.0002,4173.8822,0.0000,21.6412
748.1026,4173.7686,0.0000,21.6587
749.2050,4176.7567,0.0000,21.6762
750.3074,4175.5151,0.0000,21.6937
751.4098,4167.2622,0.0000,21.7112
752.5122,4176.3808,0.0000,21.7287
753.6209,4168.3519,0.0000,21.7463
754.7313,4173.5898,0.0000,21.7638
755.8416,4169.8937,0.0000,21.7813
756.9520,4167.9366,0.0000,21.7988
758.0623,4162.7761,0.0000,21.8163
759.1727,4168.2269,0.0000,21.8338
760.2830,4163.0943,0.0000,21.8513
761.3934,4171.6629,0.0000,21.8688
762.5038,4173.3119,0.0000,21.8863
763.6148,4164.9401,0.0000,21.9038
764.7331,4168.5128,0.0000,21.9213
765.8513,4164.6442,0.0000,21.9388
766.9696,4164.7109,0.0000,21.9564
768.0878,4169.3493,0.0000,21.9739
769.2061,4166.2322,0.0000,21.9914
770.3243,4172.1848,0.0000,22.0089
771.4426,4164.1376,0.0000,22.0264
772.5608,4169.0529,0.0000,22.0439
773.6791,4165.6264,0.0000,22.0614
774.8008,4167.8014,0.0000,22.0789
775.9269,4163.1823,0.0000,22.0964
777.0530,4164.3055,0.0000,22.1139
778.1791,4163.8067,0.0000,22.1314
779.3052,4161.0173,0.0000,22.1489
780.4313,4165.9937,0.0000,22.1664
781.5574,4165.6857,0.0000,22.1840
782.6835,4165.2210,0.0000,22.2015
783.8096,4168.2572,0.0000,22.2190
784.9357,4167.6853,0.0000,22.2365
786.0686,4161.0354,0.0000,22.2540
787.2025,4163.3889,0.0000,22.2715
788.3364,4159.6366,0.0000,22.2890
789.4702,4161.6374,0.0000,22.3065
790.6041,4159.1934,0.0000,22.3240
791.7380,4166.7001,0.0000,22.3415
792.8719,4162.0405,0.0000,22.3590
794.0058,4159.7426,0.0000,22.3765
795.1397,4164.4220,0.0000,22.3941
796.2763,4152.3862,0.0000,22.4116
797.4180,4152.6734,0.0000,22.4291
798.5596,4162.2480,0.0000,22.4466
799.7012,4159.4145,0.0000,22.4641
800.8428,4159.8202,0.0000,22.4816
801.9845,4154.0423,0.0000,22.4991
803.1261,4158.3450,0.0000,22.5166
804.2677,4165.1805,0.0000,22.5341
805.4093,4160.7953,0.0000,22.5516
806.5509,4158.2474,0.0000,22.5691
807.6996,4155.8600,0.0000,22.5866
808.8489,4155.7593,0.0000,22.6042
809.9982,4149.4321,0.0000,22.6217
811.1475,4157.5305,0.0000,22.6392
812.2968,4159.3329,0.0000,22.6567
813.4461,4150.6043,0.0000,22.6742
814.5954,4153.5497,0.0000,22.6917
815.7447,4151.5596,0.0000,22.7092
816.8940,4151.9785,0.0000,22.7267
818.0474,4155.2914,0.0000,22.7442
819.2043,4147.5561,0.0000,22.7617
820.3613,4156.7492,0.0000,22.7792
821.5182,4156.9859,0.0000,22.7967
822.6752,4153.2170,0.0000,22.8143
823.8321,4145.1624,0.0000,22.8318
824.9890,4150.1067,0.0000,22.8493
826.1460,4157.6591,0.0000,22.8668
827.3029,4143.3711,0.0000,22.8843
828.4615,4151.6283,0.0000,22.9018
829.6260,4148.4655,0.0000,22.9193
830.7905,4155.1629,0.0000,22.9368
831.9550,4149.7357,0.0000,22.9543
833.1196,4153.2646,0.0000,22.9718
834.2841,4153.5823,0.0000,22.9893
835.4486,4157.7829,0.0000,23.0068
836.6131,4150.3991,0.0000,23.0244
837.7777,4152.1793,0.0000,23.0419
838.9422,4145.4195,0.0000,23.0594
840.1139,4154.5381,0.0000,23.0769
841.2859,4147.4648,0.0000,23.0944
842.4580,4147.9191,0.0000,23.1119
843.6300,4149.5595,0.0000,23.1294
844.8021,4143.9233,0.0000,23.1469
845.9741,4149.9505,0.0000,23.1644
847.1462,4152.2927,0.0000,23.1819
848.3183,4149.6890,0.0000,23.1994
849.4903,4142.8602,0.0000,23.2169
850.6680,4147.7459,0.0000,23.2345
851.8475,4150.5346,0.0000,23.2520
853.0271,4141.1232,0.0000,23.2695
854.2066,4143.6936,0.0000,23.2870
855.3862,4150.2826,0.0000,23.3045
856.5657,4147.9199,0.0000,23.3220
857.7452,4148.1766,0.0000,23.3395
858.9248,4153.0035,0.0000,23.3570
860.1043,4147.8961,0.0000,23.3745
861.2884,4148.3201,0.0000,23.3920
862.4754,4155.2668,0.0000,23.4095
863.6624,4144.7929,0.0000,23.4270
864.8493,4142.5111,0.0000,23.4446
866.0363,4146.5637,0.0000,23.4621
867.2233,4146.3661,0.0000,23.4796
868.4103,4142.7496,0.0000,23.4971
869.5973,4140.7436,0.0000,23.5146
870.7843,4152.2057,0.0000,23.5321
871.9751,4145.0298,0.0000,23.5496
873.1695,4141.0879,0.0000,23.5671
874.3639,4146.6220,0.0000,23.5846
875.5582,4142.7999,0.0000,23.6021
876.7526,4142.0629,0.0000,23.6196
877.9470,4144.6824,0.0000,23.6371
879.1414,4137.9596,0.0000,23.6547
880.3357,4143.4825,0.0000,23.6722
881.5301,4148.7112,0.0000,23.6897
882.7281,4143.4153,0.0000,23.7072
883.9298,4140.2352,0.0000,23.7247
885.1315,4139.5456,0.0000,23.7422
886.3333,4139.6532,0.0000,23.7597
887.5350,4139.9698,0.0000,23.7772
888.7367,4139.3060,0.0000,23.7947
889.9384,4143.6054,0.0000,23.8122
891.1402,4134.1024,0.0000,23.8297
892.3419,4142.9563,0.0000,23.8472
893.5474,4138.3815,0.0000,23.8648
894.7564,4140.8011,0.0000,23.8823
895.9654,4135.3090,0.0000,23.8998
897.1745,4143.6758,0.0000,23.9173
898.3835,4143.1577,0.0000,23.9348
899.5925,4141.9293,0.0000,23.9523
900.8015,4133.0422,0.0000,23.9698
902.0106,4141.0193,0.0000,23.9873
903.2196,4139.3081,0.0000,24.0048
904.4330,4132.0468,0.0000,24.0223
905.6493,4137.3547,0.0000,24.0398
906.8655,4138.4905,0.0000,24.0573
908.0818,4138.9360,0.0000,24.0748
909.2981,4137.3857,0.0000,24.0924
910.5144,4137.5604,0.0000,24.1099
911.7307,4141.4750,0.0000,24.1274
912.9470,4140.3850,0.0000,24.1449
914.1632,4125.8360,0.0000,24.1624
915.3848,4134.5368,0.0000,24.1799
916.6083,4134.8491,0.0000,24.1974
917.8318,4129.0709,0.0000,24.2149
919.0553,4135.3111,0.0000,24.2324
920.2788,4139.1306,0.0000,24.2499
921.5023,4130.7359,0.0000,24.2674
922.7258,4135.4954,0.0000,24.2849
923.9493,4130.8922,0.0000,24.3025
925.1728,4131.5257,0.0000,24.3200
926.4029,4138.8285,0.0000,24.3375
927.6336,4131.5391,0.0000,24.3550
928.8643,4134.8367,0.0000,24.3725
930.0949,4126.4508,0.0000,24.3900
931.3256,4139.2997,0.0000,24.4075
932.5563,4134.6726,0.0000,24.4250
933.7870,4131.7067,0.0000,24.4425
935.0176,4134.1424,0.0000,24.4600
936.2494,4126.9764,0.0000,24.4775
937.4872,4135.8327,0.0000,24.4950
938.7250,4130.3433,0.0000,24.5126
939.9628,4130.5468,0.0000,24.5301
941.2006,4129.3243,0.0000,24.5476
942.4384,4128.7972,0.0000,24.5651
943.6762,4133.0455,0.0000,24.5826
944.9141,4131.2948,0.0000,24.6001
946.1519,4132.4656,0.0000,24.6176
947.3928,4129.9394,0.0000,24.6351
948.6377,4131.5523,0.0000,24.6526
949.8826,4128.0764,0.0000,24.6701
951.1275,4137.1331,0.0000,24.6876
952.3724,4123.6282,0.0000,24.7051
953.6173,4133.3164,0.0000,24.7227
954.8622,4133.4784,0.0000,24.7402
956.1071,4125.4960,0.0000,24.7577
957.3520,4136.0691,0.0000,24.7752
958.6024,4131.5394,0.0000,24.7927
959.8543,4131.2429,0.0000,24.8102
961.1063,4127.7311,0.0000,24.8277
962.3582,4126.6621,0.0000,24.8452
963.6102,4126.4792,0.0000,24.8627
964.8621,4128.3690,0.0000,24.8802
966.1141,4131.6966,0.0000,24.8977
967.3660,4127.2177,0.0000,24.9152
968.6192,4123.1839,0.0000,24.9328
969.8781,4129.0507,0.0000,24.9503
971.1371,4129.1808,0.0000,24.9678
972.3960,4128.0399,0.0000,24.9853
973.6550,4128.1500,0.0000,25.0028
974.9139,4124.3849,0.0000,25.0203
976.1729,4121.8744,0.0000,25.0378
977.4318,4121.8803,0.0000,25.0553
978.6908,4118.9882,0.0000,25.0728
979.9540,4125.3352,0.0000,25.0903
981.2199,4124.0078,0.0000,25.1078
982.4858,4122.5541,0.0000,25.1253
983.7518,4113.5440,0.0000,25.1429
985.0177,4119.3179,0.0000,25.1604
986.2836,4127.4015,0.0000,25.1779
987.5495,4120.9478,0.0000,25.1954
988.8155,4124.3318,0.0000,25.2129
990.0820,4117.9983,0.0000,25.2304
991.3549,4127.6975,0.0000,25.2479
992.6277,4121.9545,0.0000,25.2654
993.9006,4123.2706,0.0000,25.2829
995.1735,4130.1929,0.0000,25.3004
996.4463,4127.1577,0.0000,25.3179
997.7192,4120.5749,0.0000,25.3354
998.9920,4119.3697,0.0000,25.3530
1000.2649,4120.1049,0.0000,25.3705
1001.5420,4122.8275,0.0000,25.3880
1002.8218,4120.4735,0.0000,25.4055
1004.1015,4119.2577,0.0000,25.4230
1005.3813,4125.5756,0.0000,25.4405
1006.6610,4119.8405,0.0000,25.4580
1007.9408,4128.0889,0.0000,25.4755
1009.2206,4120.1583,0.0000,25.4930
1010.5003,4125.8899,0.0000,25.5105
1011.7814,4120.6928,0.0000,25.5280
1013.0680,4122.6137,0.0000,25.5455
1014.3546,4116.5087,0.0000,25.5631
1015.6412,4115.8584,0.0000,25.5806
1016.9278,4120.2576,0.0000,25.5981
1018.2145,4121.9109,0.0000,25.6156
1019.5011,4118.3944,0.0000,25.6331
1020.7877,4113.5540,0.0000,25.6506
1022.0743,4113.0986,0.0000,25.6681
1023.3664,4112.6680,0.0000,25.6856
1024.6599,4111.2800,0.0000,25.7031
1025.9533,4117.6539,0.0000,25.7206
1027.2468,4121.0126,0.0000,25.7381
1028.5402,4116.8325,0.0000,25.7556
1029.8336,4108.7728,0.0000,25.7732
1031.1271,4115.8217,0.0000,25.7907
1032.4205,4115.7249,0.0000,25.8082
1033.7172,4123.4363,0.0000,25.8257
1035.0174,4110.8063,0.0000,25.8432
1036.3176,4114.3450,0.0000,25.8607
1037.6178,4121.4894,0.0000,25.8782
1038.9181,4116.9005,0.0000,25.8957
1040.2183,4117.1042,0.0000,25.9132
1041.5185,4115.3409,0.0000,25.9307
1042.8188,4115.9022,0.0000,25.9482
1044.1202,4117.2768,0.0000,25.9657
1045.4272,4111.5300,0.0000,25.9832
1046.7341,4117.2448,0.0000,26.0008
1048.0411,4109.1746,0.0000,26.0183
1049.3481,4114.9383,0.0000,26.0358
1050.6551,4114.2237,0.0000,26.0533
1051.9621,4111.2505,0.0000,26.0708
1053.2690,4113.1378,0.0000,26.0883
1054.5760,4110.8482,0.0000,26.1058
1055.8892,4109.0864,0.0000,26.1233
1057.2029,4111.4101,0.0000,26.1408
1058.5166,4108.5945,0.0000,26.1583
1059.8303,4113.3993,0.0000,26.1758
1061.1440,4108.0554,0.0000,26.1933
1062.4577,4114.3841,0.0000,26.2109
1063.7714,4107.5688,0.0000,26.2284
1065.0851,4109.5340,0.0000,26.2459
1066.4036,4109.1422,0.0000,26.2634
1067.7240,4115.7788,0.0000,26.2809
1069.0444,4112.1096,0.0000,26.2984
1070.3647,4110.0256,0.0000,26.3159
1071.6851,4112.3255,0.0000,26.3334
1073.0055,4103.0184,0.0000,26.3509
1074.3259,4110.0564,0.0000,26.3684
1075.6463,4117.0128,0.0000,26.3859
1076.9703,4110.2990,0.0000,26.4034
1078.2973,4109.8881,0.0000,26.4210
1079.6244,4111.3837,0.0000,26.4385
1080.9514,4112.4150,0.0000,26.4560
1082.2784,4102.1046,0.0000,26.4735
1083.6055,4103.0232,0.0000,26.4910
1084.9325,4109.4632,0.0000,26.5085
1086.2595,4106.0412,0.0000,26.5260
1087.5894,4112.9517,0.0000,26.5435
1088.9230,4107.0732,0.0000,26.5610
1090.2567,4101.2223,0.0000,26.5785
1091.5903,4103.3722,0.0000,26.5960
1092.9239,4098.0037,0.0000,26.6135
1094.2576,4106.6258,0.0000,26.6311
1095.5912,4106.6037,0.0000,26.6486
1096.9249,4105.5956,0.0000,26.6661
1098.2608,4110.6756,0.0000,26.6836
1099.6010,4110.9129,0.0000,26.7011
1100.9412,4105.9406,0.0000,26.7186
1102.2815,4098.8846,0.0000,26.7361
1103.6217,4108.3359,0.0000,26.7536
1104.9619,4107.9387,0.0000,26.7711
1106.3021,4106.8977,0.0000,26.7886
1107.6424,4109.0701,0.0000,26.8061
1108.9845,4101.3783,0.0000,26.8236
1110.3313,4112.3064,0.0000,26.8412
1111.6781,4101.7385,0.0000,26.8587
1113.0249,4107.5399,0.0000,26.8762
1114.3717,4098.8331,0.0000,26.8937
1115.7184,4101.3045,0.0000,26.9112
1117.0652,4109.6894,0.0000,26.9287
1118.4120,4103.2910,0.0000,26.9462
1119.7606,4106.9661,0.0000,26.9637
1121.1139,4104.6782,0.0000,26.9812
1122.4672,4103.3042,0.0000,26.9987
1123.8205,4108.2680,0.0000,27.0162
1125.1738,4102.4894,0.0000,27.0337
1126.5271,4096.9086,0.0000,27.0513
1127.8805,4100.1535,0.0000,27.0688
1129.2338,4104.7179,0.0000,27.0863
1130.5891,4103.9972,0.0000,27.1038
1131.9489,4096.9525,0.0000,27.1213
1133.3087,4099.7267,0.0000,27.1388
1134.6685,4100.0507,0.0000,27.1563
1136.0283,4100.6326,0.0000,27.1738
1137.3881,4096.9214,0.0000,27.1913
1138.7479,4099.3633,0.0000,27.2088
1140.1076,4098.8383,0.0000,27.2263
1141.4699,4103.9148,0.0000,27.2438
1142.8362,4103.8726,0.0000,27.2614
1144.2024,4100.3568,0.0000,27.2789
1145.5687,4099.3217,0.0000,27.2964
1146.9349,4101.0105,0.0000,27.3139
1148.3012,4097.4899,0.0000,27.3314
1149.6674,4096.1614,0.0000,27.3489
1151.0337,4096.7121,0.0000,27.3664
1152.4031,4097.6089,0.0000,27.3839
1153.7758,4095.5867,0.0000,27.4014
1155.1484,4100.0544,0.0000,27.4189
1156.5211,4101.8697,0.0000,27.4364
1157.8938,4093.5896,0.0000,27.4539
1159.2665,4099.0614,0.0000,27.4715
1160.6391,4098.0328,0.0000,27.4890
1162.0118,4099.8273,0.0000,27.5065
1163.3886,4098.4164,0.0000,27.5240
1164.7677,4093.2040,0.0000,27.5415
1166.1467,4093.7033,0.0000,27.5590
1167.5258,4098.0550,0.0000,27.5765
1168.9049,4101.3833,0.0000,27.5940
1170.2839,4089.8637,0.0000,27.6115
1171.6630,4098.6544,0.0000,27.6290
1173.0421,4101.4392,0.0000,27.6465
1174.4264,4096.5714,0.0000,27.6640
1175.8118,4098.8644,0.0000,27.6815
1177.1973,4094.3098,0.0000,27.6991
1178.5827,4096.1849,0.0000,27.7166
1179.9681,4090.7618,0.0000,27.7341
1181.3536,4088.0623,0.0000,27.7516
1182.7390,4099.3999,0.0000,27.7691
1184.1247,4092.4858,0.0000,27.7866
1185.5165,4094.1721,0.0000,27.8041
1186.9082,4090.7473,0.0000,27.8216
1188.3000,4090.4986,0.0000,27.8391
1189.6918,4094.6589,0.0000,27.8566
1191.0836,4092.5479,0.0000,27.8741
1192.4754,4096.2586,0.0000,27.8916
1193.8671,4096.3540,0.0000,27.9092
1195.2607,4095.7278,0.0000,27.9267
1196.6588,4095.2749,0.0000,27.9442
1198.0569,4099.7971,0.0000,27.9617
1199.4550,4090.3737,0.0000,27.9792
1200.8531,4093.7536,0.0000,27.9967
1202.2512,4097.7460,0.0000,28.0142
1203.6493,4098.0435,0.0000,28.0317
1205.0474,4088.4776,0.0000,28.0492
1206.4491,4092.1970,0.0000,28.0667
1207.8534,4097.8803,0.0000,28.0842
1209.2578,4094.7420,0.0000,28.1017
1210.6622,4093.4842,0.0000,28.1193
1212.0665,4091.8761,0.0000,28.1368
1213.4709,4091.1322,0.0000,28.1543
1214.8753,4093.3219,0.0000,28.1718
1216.2796,4091.2677,0.0000,28.1893
1217.6896,4091.8401,0.0000,28.2068
1219.1002,4092.1025,0.0000,28.2243
1220.5109,4089.2927,0.0000,28.2418
1221.9215,4093.3671,0.0000,28.2593
1223.3321,4101.5434,0.0000,28.2768
1224.7427,4084.9633,0.0000,28.2943
1226.1534,4092.1561,0.0000,28.3118
1227.5656,4088.2009,0.0000,28.3294
1228.9824,4092.7223,0.0000,28.3469
1230.3993,4090.7042,0.0000,28.3644
1231.8161,4093.0480,0.0000,28.3819
1233.2330,4094.3361,0.0000,28.3994
1234.6498,4090.7359,0.0000,28.4169
1236.0667,4093.8653,0.0000,28.4344
1237.4835,4081.5391,0.0000,28.4519
1238.9043,4095.1519,0.0000,28.4694
1240.3274,4090.7394,0.0000,28.4869
1241.7504,4093.0407,0.0000,28.5044
1243.1735,4084.8405,0.0000,28.5219
1244.5965,4086.0444,0.0000,28.5395
1246.0196,4089.3050,0.0000,28.5570
1247.4426,4088.5770,0.0000,28.5745
1248.8661,4089.4699,0.0000,28.5920
1250.2953,4092.1178,0.0000,28.6095
1251.7245,4081.9867,0.0000,28.6270
1253.1537,4091.4165,0.0000,28.6445
1254.5829,4087.8805,0.0000,28.6620
1256.0122,4086.9819,0.0000,28.6795
1257.4414,4082.3900,0.0000,28.6970
1258.8706,4089.1436,0.0000,28.7145
1260.3030,4078.7777,0.0000,28.7320
1261.7384,4089.3408,0.0000,28.7496
1263.1737,4081.6936,0.0000,28.7671
1264.6091,4086.9479,0.0000,28.7846
1266.0445,4086.1886,0.0000,28.8021
1267.4798,4090.5443,0.0000,28.8196
1268.9152,4085.6709,0.0000,28.8371
1270.3506,4083.7123,0.0000,28.8546
1271.7921,4084.2144,0.0000,28.8721
1273.2336,4090.2886,0.0000,28.8896
1274.6751,4087.5566,0.0000,28.9071
1276.1165,4084.1762,0.0000,28.9246
1277.5580,4084.5449,0.0000,28.9421
1278.9995,4079.7340,0.0000,28.9597
1280.4410,4086.4257,0.0000,28.9772
1281.8857,4078.7538,0.0000,28.9947
1283.3332,4087.3917,0.0000,29.0122
1284.7808,4085.0581,0.0000,29.0297
1286.2284,4092.8099,0.0000,29.0472
1287.6760,4080.4529,0.0000,29.0647
1289.1236,4083.7921,0.0000,29.0822
1290.5711,4090.2937,0.0000,29.0997
1292.0192,4088.0180,0.0000,29.1172
1293.4728,4081.2600,0.0000,29.1347
1294.9265,4084.3294,0.0000,29.1522
1296.3801,4083.4015,0.0000,29.1698
1297.8338,4084.2305,0.0000,29.1873
1299.2874,4080.6477,0.0000,29.2048
1300.7411,4082.6300,0.0000,29.2223
1302.1947,4077.1992,0.0000,29.2398
1303.6523,4083.1152,0.0000,29.2573
1305.1120,4084.0675,0.0000,29.2748
1306.5717,4081.5467,0.0000,29.2923
1308.0314,4076.5405,0.0000,29.3098
1309.4911,4085.5037,0.0000,29.3273
1310.9508,4083.1706,0.0000,29.3448
1312.4104,4079.2047,0.0000,29.3623
1313.8718,4080.6149,0.0000,29.3799
1315.3375,4076.1961,0.0000,29.3974
1316.8032,4077.7111,0.0000,29.4149
1318.2689,4079.2694,0.0000,29.4324
1319.7346,4085.3032,0.0000,29.4499
1321.2003,4078.6176,0.0000,29.4674
1322.6660,4082.9489,0.0000,29.4849
1324.1317,4078.6766,0.0000,29.5024
1325.6029,4081.2812,0.0000,29.5199
1327.0746,4079.7714,0.0000,29.5374
1328.5463,4083.1750,0.0000,29.5549
1330.0180,4078.1007,0.0000,29.5724
1331.4897,4074.3221,0.0000,29.5899
1332.9614,4074.8427,0.0000,29.6075
1334.4331,4077.6718,0.0000,29.6250
1335.9083,4075.0156,0.0000,29.6425
1337.3859,4080.6772,0.0000,29.6600
1338.8636,4077.4655,0.0000,29.6775
1340.3413,4087.2613,0.0000,29.6950
1341.8189,4072.7229,0.0000,29.7125
1343.2966,4079.3724,0.0000,29.7300
1344.7743,4074.5669,0.0000,29.7475
1346.2536,4076.6430,0.0000,29.7650
1347.7372,4078.7203,0.0000,29.7825
1349.2209,4069.9421,0.0000,29.8000
1350.7045,4078.7655,0.0000,29.8176
1352.1881,4084.4527,0.0000,29.8351
1353.6717,4076.0616,0.0000,29.8526
1355.1553,4078.4142,0.0000,29.8701
1356.6390,4080.9485,0.0000,29.8876
1358.1286,4076.6441,0.0000,29.9051
1359.6181,4075.0413,0.0000,29.9226
1361.1076,4068.9666,0.0000,29.9401
1362.5972,4079.0322,0.0000,29.9576
1364.0867,4076.2500,0.0000,29.9751
1365.5762,4072.9592,0.0000,29.9926
1367.0658,4076.8043,0.0000,30.0101
1368.5599,4074.1761,0.0000,30.0277
1370.0553,4074.2275,0.0000,30.0452
1371.5508,4078.0572,0.0000,30.0627
1373.0462,4071.1092,0.0000,30.0802
1374.5416,4079.3176,0.0000,30.0977
1376.0371,4070.6188,0.0000,30.1152
1377.5325,4073.0501,0.0000,30.1327
1379.0312,4081.9589,0.0000,30.1502
1380.5326,4079.0335,0.0000,30.1677
1382.0339,4075.2888,0.0000,30.1852
1383.5352,4071.5148,0.0000,30.2027
1385.0365,4072.8139,0.0000,30.2202
1386.5378,4074.7827,0.0000,30.2378
1388.0391,4074.5176,0.0000,30.2553
1389.5426,4073.9285,0.0000,30.2728
1391.0498,4073.9990,0.0000,30.2903
1392.5570,4073.2171,0.0000,30.3078
1394.0641,4068.7812,0.0000,30.3253
1395.5713,4071.8812,0.0000,30.3428
1397.0784,4076.7512,0.0000,30.3603
1398.5856,4068.6221,0.0000,30.3778
1400.0941,4072.6092,0.0000,30.3953
1401.6071,4070.2651,0.0000,30.4128
1403.1201,4073.3856,0.0000,30.4303
1404.6330,4071.4976,0.0000,30.4479
1406.1460,4077.8907,0.0000,30.4654
1407.6590,4074.3551,0.0000,30.4829
1409.1720,4067.8531,0.0000,30.5004
1410.6856,4074.6562,0.0000,30.5179
1412.2044,4069.4584,0.0000,30.5354
1413.7232,4070.0130,0.0000,30.5529
1415.2420,4072.9939,0.0000,30.5704
1416.7608,4070.0376,0.0000,30.5879
1418.2795,4074.7471,0.0000,30.6054
1419.7983,4068.7748,0.0000,30.6229
1421.3171,4069.1830,0.0000,30.6404
1422.8417,4068.9158,0.0000,30.6580
1424.3663,4069.0974,0.0000,30.6755
1425.8909,4074.7885,0.0000,30.6930
1427.4155,4073.0064,0.0000,30.7105
1428.9400,4076.6549,0.0000,30.7280
1430.4646,4078.4715,0.0000,30.7455
1431.9892,4066.7921,0.0000,30.7630
1433.5191,4070.5110,0.0000,30.7805
1435.0495,4066.0130,0.0000,30.7980
1436.5798,4067.2733,0.0000,30.8155
1438.1101,4067.6551,0.0000,30.8330
1439.6405,4066.0260,0.0000,30.8505
1441.1708,4065.9102,0.0000,30.8681
1442.7011,4068.9527,0.0000,30.8856
1444.2366,4065.0653,0.0000,30.9031
1445.7726,4072.1375,0.0000,30.9206
1447.3087,4065.8443,0.0000,30.9381
1448.8448,4078.7565,0.0000,30.9556
1450.3809,4067.2099,0.0000,30.9731
1451.9170,4068.9086,0.0000,30.9906
1453.4530,4063.9899,0.0000,31.0081
1454.9941,4074.3621,0.0000,31.0256
1456.5359,4072.1764,0.0000,31.0431
1458.0777,4069.1648,0.0000,31.0606
1459.6195,4063.2795,0.0000,31.0782
1461.1613,4068.5984,0.0000,31.0957
1462.7031,4063.8040,0.0000,31.1132
1464.2449,4072.7154,0.0000,31.1307
1465.7916,4070.2976,0.0000,31.1482
1467.3391,4067.6679,0.0000,31.1657
1468.8866,4058.6751,0.0000,31.1832
1470.4341,4063.6292,0.0000,31.2007
1471.9816,4069.3472,0.0000,31.2182
1473.5291,4071.0542,0.0000,31.2357
1475.0766,4070.5604,0.0000,31.2532
1476.6292,4060.9756,0.0000,31.2707
1478.1824,4067.4726,0.0000,31.2883
1479.7355,4069.8411,0.0000,31.3058
1481.2887,4060.3524,0.0000,31.3233
1482.8419,4065.9989,0.0000,31.3408
1484.3951,4066.8551,0.0000,31.3583
1485.9482,4064.7143,0.0000,31.3758
1487.5068,4059.1548,0.0000,31.3933
1489.0657,4064.3680,0.0000,31.4108
1490.6245,4064.2331,0.0000,31.4283
1492.1833,4064.7312,0.0000,31.4458
1493.7422,4063.1483,0.0000,31.4633
1495.3010,4063.4411,0.0000,31.4808
1496.8601,4064.7240,0.0000,31.4983
1498.4245,4066.2830,0.0000,31.5159
1499.9890,4063.5405,0.0000,31.5334
1501.5535,4063.0440,0.0000,31.5509
1503.1179,4064.6729,0.0000,31.5684
1504.6824,4057.4986,0.0000,31.5859
1506.2469,4065.7636,0.0000,31.6034
1507.8122,4063.9643,0.0000,31.6209
1509.3822,4063.9777,0.0000,31.6384
1510.9523,4067.0740,0.0000,31.6559
1512.5224,4056.7494,0.0000,31.6734
1514.0925,4056.5488,0.0000,31.6909
1515.6626,4064.2886,0.0000,31.7084
1517.2327,4063.1786,0.0000,31.7260
1518.8043,4063.6725,0.0000,31.7435
1520.3800,4061.3330,0.0000,31.7610
1521.9557,4065.1493,0.0000,31.7785
1523.5314,4065.9621,0.0000,31.7960
1525.1070,4064.2658,0.0000,31.8135
1526.6827,4061.5331,0.0000,31.8310
1528.2584,4054.9433,0.0000,31.8485
1529.8365,4064.8869,0.0000,31.8660
1531.4178,4066.3452,0.0000,31.8835
1532.9990,4064.1998,0.0000,31.9010
1534.5803,4058.7399,0.0000,31.9185
1536.1615,4064.0519,0.0000,31.9361
1537.7428,4064.5806,0.0000,31.9536
1539.3240,4066.8999,0.0000,31.9711
1540.9087,4058.2530,0.0000,31.9886
1542.4955,4060.4024,0.0000,32.0061
1544.0823,4063.6861,0.0000,32.0236
1545.6692,4061.1474,0.0000,32.0411
1547.2560,4056.9118,0.0000,32.0586
1548.8428,4062.1497,0.0000,32.0761
1550.4296,4062.6001,0.0000,32.0936
1552.0209,4060.7591,0.0000,32.1111
1553.6133,4061.0963,0.0000,32.1286
1555.2057,4059.2989,0.0000,32.1462
1556.7980,4065.2552,0.0000,32.1637
1558.3904,4056.8057,0.0000,32.1812
1559.9827,4057.7796,0.0000,32.1987
1561.5753,4059.7509,0.0000,32.2162
1563.1732,4062.6662,0.0000,32.2337
1564.7711,4054.2266,0.0000,32.2512
1566.3689,4054.7590,0.0000,32.2687
1567.9668,4052.0908,0.0000,32.2862
1569.5647,4059.2152,0.0000,32.3037
1571.1625,4055.0648,0.0000,32.3212
1572.7620,4057.5111,0.0000,32.3387
1574.3654,4061.0502,0.0000,32.3563
1575.9688,4056.3685,0.0000,32.3738
1577.5721,4059.3020,0.0000,32.3913
1579.1755,4057.3235,0.0000,32.4088
1580.7789,4060.6025,0.0000,32.4263
1582.3823,4059.7921,0.0000,32.4438
1583.9888,4055.5866,0.0000,32.4613
1585.5976,4057.2973,0.0000,32.4788
1587.2065,4061.4202,0.0000,32.4963
1588.8153,4059.0235,0.0000,32.5138
1590.4242,4052.6370,0.0000,32.5313
1592.0330,4059.7009,0.0000,32.5488
1593.6418,4053.4901,0.0000,32.5664
1595.2555,4062.1101,0.0000,32.5839
1596.8698,4060.6309,0.0000,32.6014
1598.4841,4057.9415,0.0000,32.6189
1600.0984,4057.3578,0.0000,32.6364
1601.7127,4055.9565,0.0000,32.6539
1603.3270,4058.9438,0.0000,32.6714
1604.9423,4055.1521,0.0000,32.6889
1606.5621,4057.1554,0.0000,32.7064
1608.1819,4059.2639,0.0000,32.7239
1609.8016,4054.1271,0.0000,32.7414
1611.4214,4053.8182,0.0000,32.7589
1613.0411,4051.6762,0.0000,32.7765
1614.6609,4052.0125,0.0000,32.7940
1616.2835,4049.2207,0.0000,32.8115
1617.9087,4058.0564,0.0000,32.8290
1619.5339,4061.7153,0.0000,32.8465
1621.1590,4060.2550,0.0000,32.8640
1622.7842,4049.4575,0.0000,32.8815
1624.4094,4057.5683,0.0000,32.8990
1626.0346,4059.8913,0.0000,32.9165
1627.6646,4053.1979,0.0000,32.9340
1629.2952,4055.0347,0.0000,32.9515
1630.9258,4047.5350,0.0000,32.9690
1632.5564,4055.3794,0.0000,32.9866
1634.1870,4050.6067,0.0000,33.0041
1635.8175,4054.9113,0.0000,33.0216
1637.4497,4048.6319,0.0000,33.0391
1639.0856,4055.8798,0.0000,33.0566
1640.7216,4057.4494,0.0000,33.0741
1642.3576,4051.0064,0.0000,33.0916
1643.9936,4049.6524,0.0000,33.1091
1645.6295,4045.9697,0.0000,33.1266
1647.2655,4052.4677,0.0000,33.1441
1648.9052,4051.2490,0.0000,33.1616
1650.5465,4047.7406,0.0000,33.1791
1652.1879,4054.6395,0.0000,33.1966
1653.8292,4051.3638,0.0000,33.2142
1655.4706,4049.0586,0.0000,33.2317
1657.1119,4050.7678,0.0000,33.2492
1658.7539,4056.3436,0.0000,33.2667
1660.4006,4054.5897,0.0000,33.2842
1662.0473,4051.9098,0.0000,33.3017
1663.6940,4054.4173,0.0000,33.3192
1665.3407,4048.0730,0.0000,33.3367
1666.9874,4052.1353,0.0000,33.3542
1668.6341,4052.4237,0.0000,33.3717
1670.2839,4050.1497,0.0000,33.3892
1671.9359,4053.2045,0.0000,33.4067
1673.5880,4048.8352,0.0000,33.4243
1675.2400,4053.2376,0.0000,33.4418
1676.8920,4053.2713,0.0000,33.4593
1678.5441,4041.0165,0.0000,33.4768
1680.1964,4055.2795,0.0000,33.4943
1681.8537,4040.3337,0.0000,33.5118
1683.5111,4048.7313,0.0000,33.5293
1685.1684,4054.3634,0.0000,33.5468
1686.8258,4049.5516,0.0000,33.5643
1688.4831,4045.4179,0.0000,33.5818
1690.1405,4046.6090,0.0000,33.5993
1691.8007,4053.9190,0.0000,33.6168
1693.4634,4043.4874,0.0000,33.6344
1695.1260,4054.0521,0.0000,33.6519
1696.7887,4049.7959,0.0000,33.6694
1698.4513,4045.7036,0.0000,33.6869
1700.1140,4047.7244,0.0000,33.7044
1701.7770,4046.0935,0.0000,33.7219
1703.4449,4052.5741,0.0000,33.7394
1705.1128,4051.9945,0.0000,33.7569
1706.7808,4043.3028,0.0000,33.7744
1708.4487,4047.7962,0.0000,33.7919
1710.1167,4046.0767,0.0000,33.8094
1711.7846,4053.5143,0.0000,33.8269
1713.4557,4044.1510,0.0000,33.8445
1715.1289,4054.3806,0.0000,33.8620
1716.8021,4048.5388,0.0000,33.8795
1718.4753,4044.4782,0.0000,33.8970
1720.1485,4046.0643,0.0000,33.9145
1721.8217,4045.5190,0.0000,33.9320
1723.4957,4043.7535,0.0000,33.9495
1725.1742,4048.4367,0.0000,33.9670
1726.8526,4043.6974,0.0000,33.9845
1728.5311,4040.2542,0.0000,34.0020
1730.2096,4046.4471,0.0000,34.0195
1731.8880,4041.3566,0.0000,34.0370
1733.5665,4044.9248,0.0000,34.0546
1735.2487,4044.2663,0.0000,34.0721
1736.9324,4044.2899,0.0000,34.0896
1738.6161,4054.2336,0.0000,34.1071
1740.2998,4047.3189,0.0000,34.1246
1741.9835,4047.8716,0.0000,34.1421
1743.6672,4040.6868,0.0000,34.1596
1745.3526,4044.5069,0.0000,34.1771
1747.0415,4047.4410,0.0000,34.1946
1748.7304,4042.9934,0.0000,34.2121
1750.4193,4049.6494,0.0000,34.2296
1752.1082,4042.1537,0.0000,34.2471
1753.7972,4045.2530,0.0000,34.2647
1755.4861,4044.0964,0.0000,34.2822
1757.1798,4046.6151,0.0000,34.2997
1758.8740,4043.6907,0.0000,34.3172
1760.5681,4044.8769,0.0000,34.3347
1762.2622,4044.8913,0.0000,34.3522
1763.9563,4043.0403,0.0000,34.3697
1765.6505,4047.2014,0.0000,34.3872
1767.3475,4046.2310,0.0000,34.4047
1769.0468,4044.9797,0.0000,34.4222
1770.7461,4043.6765,0.0000,34.4397
1772.4455,4047.8644,0.0000,34.4572
1774.1448,4044.1446,0.0000,34.4748
1775.8441,4043.7903,0.0000,34.4923
1777.5445,4045.1239,0.0000,34.5098
1779.2490,4050.5894,0.0000,34.5273
1780.9535,4039.8540,0.0000,34.5448
1782.6580,4047.1339,0.0000,34.5623
1784.3625,4037.7075,0.0000,34.5798
1786.0669,4044.9884,0.0000,34.5973
1787.7714,4049.6351,0.0000,34.6148
1789.4805,4045.7272,0.0000,34.6323
1791.1901,4044.5087,0.0000,34.6498
1792.8998,4041.8447,0.0000,34.6673
1794.6094,4043.8099,0.0000,34.6849
1796.3191,4042.7140,0.0000,34.7024
1798.0287,4040.7404,0.0000,34.7199
1799.7413,4042.3719,0.0000,34.7374
1801.4561,4043.9762,0.0000,34.7549
1803.1709,4040.4920,0.0000,34.7724
1804.8857,4040.2508,0.0000,34.7899
1806.6005,4038.2076,0.0000,34.8074
1808.3152,4044.2318,0.0000,34.8249
1810.0315,4044.6688,0.0000,34.8424
1811.7515,4043.4670,0.0000,34.8599
1813.4714,4045.9303,0.0000,34.8774
1815.1913,4042.7560,0.0000,34.8950
1816.9112,4043.7168,0.0000,34.9125
1818.6311,4043.3046,0.0000,34.9300
1820.3511,4041.8174,0.0000,34.9475
1822.0761,4040.1765,0.0000,34.9650
1823.8011,4049.6807,0.0000,34.9825
1825.5262,4040.2462,0.0000,35.0000
