record_id,regime,formation,noise_label,noise_psi,seed,isip_psi,closure_pressure_psi,closure_G,closure_time_min,net_pressure_psi,reservoir_pressure_psi,t_pump_min
0,normal,tight_gas,low,1.0,0,7200,6100,7.0,64.17054262767847,1100,4800,5.0
1,normal,tight_gas,low,1.0,1,7200,6100,7.0,64.17054262767847,1100,4800,5.0
2,normal,tight_gas,low,1.0,2,7200,6100,7.0,64.17054262767847,1100,4800,5.0
3,normal,tight_gas,low,1.0,3,7200,6100,7.0,64.17054262767847,1100,4800,5.0
4,normal,tight_gas,low,1.0,4,7200,6100,7.0,64.17054262767847,1100,4800,5.0
5,normal,tight_gas,low,1.0,5,7200,6100,7.0,64.17054262767847,1100,4800,5.0
6,normal,tight_gas,low,1.0,6,7200,6100,7.0,64.17054262767847,1100,4800,5.0
7,normal,tight_gas,low,1.0,7,7200,6100,7.0,64.17054262767847,1100,4800,5.0
8,normal,tight_gas,low,1.0,8,7200,6100,7.0,64.17054262767847,1100,4800,5.0
9,normal,tight_gas,low,1.0,9,7200,6100,7.0,64.17054262767847,1100,4800,5.0
10,normal,tight_gas,low,1.0,10,7200,6100,7.0,64.17054262767847,1100,4800,5.0
11,normal,tight_gas,low,1.0,11,7200,6100,7.0,64.17054262767847,1100,4800,5.0
12,normal,tight_gas,low,1.0,12,7200,6100,7.0,64.17054262767847,1100,4800,5.0
13,normal,tight_gas,low,1.0,13,7200,6100,7.0,64.17054262767847,1100,4800,5.0
14,normal,tight_gas,low,1.0,14,7200,6100,7.0,64.17054262767847,1100,4800,5.0
15,normal,tight_gas,low,1.0,15,7200,6100,7.0,64.17054262767847,1100,4800,5.0
16,normal,tight_gas,low,1.0,16,7200,6100,7.0,64.17054262767847,1100,4800,5.0
17,normal,tight_gas,low,1.0,17,7200,6100,7.0,64.17054262767847,1100,4800,5.0
18,normal,tight_gas,low,1.0,18,7200,6100,7.0,64.17054262767847,1100,4800,5.0
19,normal,tight_gas,low,1.0,19,7200,6100,7.0,64.17054262767847,1100,4800,5.0
20,normal,tight_gas,low,1.0,20,7200,6100,7.0,64.17054262767847,1100,4800,5.0
21,normal,tight_gas,low,1.0,21,7200,6100,7.0,64.17054262767847,1100,4800,5.0
22,normal,tight_gas,low,1.0,22,7200,6100,7.0,64.17054262767847,1100,4800,5.0
23,normal,tight_gas,low,1.0,23,7200,6100,7.0,64.17054262767847,1100,4800,5.0
24,normal,tight_gas,low,1.0,24,7200,6100,7.0,64.17054262767847,1100,4800,5.0
25,normal,tight_gas,low,1.0,25,7200,6100,7.0,64.17054262767847,1100,4800,5.0
26,normal,tight_gas,low,1.0,26,7200,6100,7.0,64.17054262767847,1100,4800,5.0
27,normal,tight_gas,low,1.0,27,7200,6100,7.0,64.17054262767847,1100,4800,5.0
28,normal,tight_gas,medium,3.5,28,7200,6100,7.0,64.17054262767847,1100,4800,5.0
29,normal,tight_gas,medium,3.5,29,7200,6100,7.0,64.17054262767847,1100,4800,5.0
30,normal,tight_gas,medium,3.5,30,7200,6100,7.0,64.17054262767847,1100,4800,5.0
31,normal,tight_gas,medium,3.5,31,7200,6100,7.0,64.17054262767847,1100,4800,5.0
32,normal,tight_gas,medium,3.5,32,7200,6100,7.0,64.17054262767847,1100,4800,5.0
33,normal,tight_gas,medium,3.5,33,7200,6100,7.0,64.17054262767847,1100,4800,5.0
34,normal,tight_gas,medium,3.5,34,7200,6100,7.0,64.17054262767847,1100,4800,5.0
35,normal,tight_gas,medium,3.5,35,7200,6100,7.0,64.17054262767847,1100,4800,5.0
36,normal,tight_gas,medium,3.5,36,7200,6100,7.0,64.17054262767847,1100,4800,5.0
37,normal,tight_gas,medium,3.5,37,7200,6100,7.0,64.17054262767847,1100,4800,5.0
38,normal,tight_gas,medium,3.5,38,7200,6100,7.0,64.17054262767847,1100,4800,5.0
39,normal,tight_gas,medium,3.5,39,7200,6100,7.0,64.17054262767847,1100,4800,5.0
40,normal,tight_gas,medium,3.5,40,7200,6100,7.0,64.17054262767847,1100,4800,5.0
41,normal,tight_gas,medium,3.5,41,7200,6100,7.0,64.17054262767847,1100,4800,5.0
42,normal,tight_gas,medium,3.5,42,7200,6100,7.0,64.17054262767847,1100,4800,5.0
43,normal,tight_gas,medium,3.5,43,7200,6100,7.0,64.17054262767847,1100,4800,5.0
44,normal,tight_gas,medium,3.5,44,7200,6100,7.0,64.17054262767847,1100,4800,5.0
45,normal,tight_gas,medium,3.5,45,7200,6100,7.0,64.17054262767847,1100,4800,5.0
46,normal,tight_gas,medium,3.5,46,7200,6100,7.0,64.17054262767847,1100,4800,5.0
47,normal,tight_gas,medium,3.5,47,7200,6100,7.0,64.17054262767847,1100,4800,5.0
48,normal,tight_gas,medium,3.5,48,7200,6100,7.0,64.17054262767847,1100,4800,5.0
49,normal,tight_gas,medium,3.5,49,7200,6100,7.0,64.17054262767847,1100,4800,5.0
50,normal,tight_gas,medium,3.5,50,7200,6100,7.0,64.17054262767847,1100,4800,5.0
51,normal,tight_gas,medium,3.5,51,7200,6100,7.0,64.17054262767847,1100,4800,5.0
52,normal,tight_gas,medium,3.5,52,7200,6100,7.0,64.17054262767847,1100,4800,5.0
53,normal,tight_gas,medium,3.5,53,7200,6100,7.0,64.17054262767847,1100,4800,5.0
54,normal,tight_gas,medium,3.5,54,7200,6100,7.0,64.17054262767847,1100,4800,5.0
55,normal,tight_gas,medium,3.5,55,7200,6100,7.0,64.17054262767847,1100,4800,5.0
56,normal,tight_gas,high,8.0,56,7200,6100,7.0,64.17054262767847,1100,4800,5.0
57,normal,tight_gas,high,8.0,57,7200,6100,7.0,64.17054262767847,1100,4800,5.0
58,normal,tight_gas,high,8.0,58,7200,6100,7.0,64.17054262767847,1100,4800,5.0
59,normal,tight_gas,high,8.0,59,7200,6100,7.0,64.17054262767847,1100,4800,5.0
60,normal,tight_gas,high,8.0,60,7200,6100,7.0,64.17054262767847,1100,4800,5.0
61,normal,tight_gas,high,8.0,61,7200,6100,7.0,64.17054262767847,1100,4800,5.0
62,normal,tight_gas,high,8.0,62,7200,6100,7.0,64.17054262767847,1100,4800,5.0
63,normal,tight_gas,high,8.0,63,7200,6100,7.0,64.17054262767847,1100,4800,5.0
64,normal,tight_gas,high,8.0,64,7200,6100,7.0,64.17054262767847,1100,4800,5.0
65,normal,tight_gas,high,8.0,65,7200,6100,7.0,64.17054262767847,1100,4800,5.0
66,normal,tight_gas,high,8.0,66,7200,6100,7.0,64.17054262767847,1100,4800,5.0
67,normal,tight_gas,high,8.0,67,7200,6100,7.0,64.17054262767847,1100,4800,5.0
68,normal,tight_gas,high,8.0,68,7200,6100,7.0,64.17054262767847,1100,4800,5.0
69,normal,tight_gas,high,8.0,69,7200,6100,7.0,64.17054262767847,1100,4800,5.0
70,normal,tight_gas,high,8.0,70,7200,6100,7.0,64.17054262767847,1100,4800,5.0
71,normal,tight_gas,high,8.0,71,7200,6100,7.0,64.17054262767847,1100,4800,5.0
72,normal,tight_gas,high,8.0,72,7200,6100,7.0,64.17054262767847,1100,4800,5.0
73,normal,tight_gas,high,8.0,73,7200,6100,7.0,64.17054262767847,1100,4800,5.0
74,normal,tight_gas,high,8.0,74,7200,6100,7.0,64.17054262767847,1100,4800,5.0
75,normal,tight_gas,high,8.0,75,7200,6100,7.0,64.17054262767847,1100,4800,5.0
76,normal,tight_gas,high,8.0,76,7200,6100,7.0,64.17054262767847,1100,4800,5.0
77,normal,tight_gas,high,8.0,77,7200,6100,7.0,64.17054262767847,1100,4800,5.0
78,normal,tight_gas,high,8.0,78,7200,6100,7.0,64.17054262767847,1100,4800,5.0
79,normal,tight_gas,high,8.0,79,7200,6100,7.0,64.17054262767847,1100,4800,5.0
80,normal,tight_gas,high,8.0,80,7200,6100,7.0,64.17054262767847,1100,4800,5.0
81,normal,tight_gas,high,8.0,81,7200,6100,7.0,64.17054262767847,1100,4800,5.0
82,normal,tight_gas,high,8.0,82,7200,6100,7.0,64.17054262767847,1100,4800,5.0
83,normal,tight_gas,high,8.0,83,7200,6100,7.0,64.17054262767847,1100,4800,5.0
84,normal,shale,low,1.0,84,9400,7900,10.0,180.353235912952,1500,6200,8.0
85,normal,shale,low,1.0,85,9400,7900,10.0,180.353235912952,1500,6200,8.0
86,normal,shale,low,1.0,86,9400,7900,10.0,180.353235912952,1500,6200,8.0
87,normal,shale,low,1.0,87,9400,7900,10.0,180.353235912952,1500,6200,8.0
88,normal,shale,low,1.0,88,9400,7900,10.0,180.353235912952,1500,6200,8.0
89,normal,shale,low,1.0,89,9400,7900,10.0,180.353235912952,1500,6200,8.0
90,normal,shale,low,1.0,90,9400,7900,10.0,180.353235912952,1500,6200,8.0
91,normal,shale,low,1.0,91,9400,7900,10.0,180.353235912952,1500,6200,8.0
92,normal,shale,low,1.0,92,9400,7900,10.0,180.353235912952,1500,6200,8.0
93,normal,shale,low,1.0,93,9400,7900,10.0,180.353235912952,1500,6200,8.0
94,normal,shale,low,1.0,94,9400,7900,10.0,180.353235912952,1500,6200,8.0
95,normal,shale,low,1.0,95,9400,7900,10.0,180.353235912952,1500,6200,8.0
96,normal,shale,low,1.0,96,9400,7900,10.0,180.353235912952,1500,6200,8.0
97,normal,shale,low,1.0,97,9400,7900,10.0,180.353235912952,1500,6200,8.0
98,normal,shale,low,1.0,98,9400,7900,10.0,180.353235912952,1500,6200,8.0
99,normal,shale,low,1.0,99,9400,7900,10.0,180.353235912952,1500,6200,8.0
100,normal,shale,low,1.0,100,9400,7900,10.0,180.353235912952,1500,6200,8.0
101,normal,shale,low,1.0,101,9400,7900,10.0,180.353235912952,1500,6200,8.0
102,normal,shale,low,1.0,102,9400,7900,10.0,180.353235912952,1500,6200,8.0
103,normal,shale,low,1.0,103,9400,7900,10.0,180.353235912952,1500,6200,8.0
104,normal,shale,low,1.0,104,9400,7900,10.0,180.353235912952,1500,6200,8.0
105,normal,shale,low,1.0,105,9400,7900,10.0,180.353235912952,1500,6200,8.0
106,normal,shale,low,1.0,106,9400,7900,10.0,180.353235912952,1500,6200,8.0
107,normal,shale,low,1.0,107,9400,7900,10.0,180.353235912952,1500,6200,8.0
108,normal,shale,low,1.0,108,9400,7900,10.0,180.353235912952,1500,6200,8.0
109,normal,shale,low,1.0,109,9400,7900,10.0,180.353235912952,1500,6200,8.0
110,normal,shale,low,1.0,110,9400,7900,10.0,180.353235912952,1500,6200,8.0
111,normal,shale,low,1.0,111,9400,7900,10.0,180.353235912952,1500,6200,8.0
112,normal,shale,medium,3.5,112,9400,7900,10.0,180.353235912952,1500,6200,8.0
113,normal,shale,medium,3.5,113,9400,7900,10.0,180.353235912952,1500,6200,8.0
114,normal,shale,medium,3.5,114,9400,7900,10.0,180.353235912952,1500,6200,8.0
115,normal,shale,medium,3.5,115,9400,7900,10.0,180.353235912952,1500,6200,8.0
116,normal,shale,medium,3.5,116,9400,7900,10.0,180.353235912952,1500,6200,8.0
117,normal,shale,medium,3.5,117,9400,7900,10.0,180.353235912952,1500,6200,8.0
118,normal,shale,medium,3.5,118,9400,7900,10.0,180.353235912952,1500,6200,8.0
119,normal,shale,medium,3.5,119,9400,7900,10.0,180.353235912952,1500,6200,8.0
120,normal,shale,medium,3.5,120,9400,7900,10.0,180.353235912952,1500,6200,8.0
121,normal,shale,medium,3.5,121,9400,7900,10.0,180.353235912952,1500,6200,8.0
122,normal,shale,medium,3.5,122,9400,7900,10.0,180.353235912952,1500,6200,8.0
123,normal,shale,medium,3.5,123,9400,7900,10.0,180.353235912952,1500,6200,8.0
124,normal,shale,medium,3.5,124,9400,7900,10.0,180.353235912952,1500,6200,8.0
125,normal,shale,medium,3.5,125,9400,7900,10.0,180.353235912952,1500,6200,8.0
126,normal,shale,medium,3.5,126,9400,7900,10.0,180.353235912952,1500,6200,8.0
127,normal,shale,medium,3.5,127,9400,7900,10.0,180.353235912952,1500,6200,8.0
128,normal,shale,medium,3.5,128,9400,7900,10.0,180.353235912952,1500,6200,8.0
129,normal,shale,medium,3.5,129,9400,7900,10.0,180.353235912952,1500,6200,8.0
130,normal,shale,medium,3.5,130,9400,7900,10.0,180.353235912952,1500,6200,8.0
131,normal,shale,medium,3.5,131,9400,7900,10.0,180.353235912952,1500,6200,8.0
132,normal,shale,medium,3.5,132,9400,7900,10.0,180.353235912952,1500,6200,8.0
133,normal,shale,medium,3.5,133,9400,7900,10.0,180.353235912952,1500,6200,8.0
134,normal,shale,medium,3.5,134,9400,7900,10.0,180.353235912952,1500,6200,8.0
135,normal,shale,medium,3.5,135,9400,7900,10.0,180.353235912952,1500,6200,8.0
136,normal,shale,medium,3.5,136,9400,7900,10.0,180.353235912952,1500,6200,8.0
137,normal,shale,medium,3.5,137,9400,7900,10.0,180.353235912952,1500,6200,8.0
138,normal,shale,medium,3.5,138,9400,7900,10.0,180.353235912952,1500,6200,8.0
139,normal,shale,medium,3.5,139,9400,7900,10.0,180.353235912952,1500,6200,8.0
140,normal,shale,high,8.0,140,9400,7900,10.0,180.353235912952,1500,6200,8.0
141,normal,shale,high,8.0,141,9400,7900,10.0,180.353235912952,1500,6200,8.0
142,normal,shale,high,8.0,142,9400,7900,10.0,180.353235912952,1500,6200,8.0
143,normal,shale,high,8.0,143,9400,7900,10.0,180.353235912952,1500,6200,8.0
144,normal,shale,high,8.0,144,9400,7900,10.0,180.353235912952,1500,6200,8.0
145,normal,shale,high,8.0,145,9400,7900,10.0,180.353235912952,1500,6200,8.0
146,normal,shale,high,8.0,146,9400,7900,10.0,180.353235912952,1500,6200,8.0
147,normal,shale,high,8.0,147,9400,7900,10.0,180.353235912952,1500,6200,8.0
148,normal,shale,high,8.0,148,9400,7900,10.0,180.353235912952,1500,6200,8.0
149,normal,shale,high,8.0,149,9400,7900,10.0,180.353235912952,1500,6200,8.0
150,normal,shale,high,8.0,150,9400,7900,10.0,180.353235912952,1500,6200,8.0
151,normal,shale,high,8.0,151,9400,7900,10.0,180.353235912952,1500,6200,8.0
152,normal,shale,high,8.0,152,9400,7900,10.0,180.353235912952,1500,6200,8.0
153,normal,shale,high,8.0,153,9400,7900,10.0,180.353235912952,1500,6200,8.0
154,normal,shale,high,8.0,154,9400,7900,10.0,180.353235912952,1500,6200,8.0
155,normal,shale,high,8.0,155,9400,7900,10.0,180.353235912952,1500,6200,8.0
156,normal,shale,high,8.0,156,9400,7900,10.0,180.353235912952,1500,6200,8.0
157,normal,shale,high,8.0,157,9400,7900,10.0,180.353235912952,1500,6200,8.0
158,normal,shale,high,8.0,158,9400,7900,10.0,180.353235912952,1500,6200,8.0
159,normal,shale,high,8.0,159,9400,7900,10.0,180.353235912952,1500,6200,8.0
160,normal,shale,high,8.0,160,9400,7900,10.0,180.353235912952,1500,6200,8.0
161,normal,shale,high,8.0,161,9400,7900,10.0,180.353235912952,1500,6200,8.0
162,normal,shale,high,8.0,162,9400,7900,10.0,180.353235912952,1500,6200,8.0
163,normal,shale,high,8.0,163,9400,7900,10.0,180.353235912952,1500,6200,8.0
164,normal,shale,high,8.0,164,9400,7900,10.0,180.353235912952,1500,6200,8.0
165,normal,shale,high,8.0,165,9400,7900,10.0,180.353235912952,1500,6200,8.0
166,normal,shale,high,8.0,166,9400,7900,10.0,180.353235912952,1500,6200,8.0
167,normal,shale,high,8.0,167,9400,7900,10.0,180.353235912952,1500,6200,8.0
168,normal,conventional,low,1.0,168,5400,4600,4.5,20.596643236084677,800,3200,3.0
169,normal,conventional,low,1.0,169,5400,4600,4.5,20.596643236084677,800,3200,3.0
170,normal,conventional,low,1.0,170,5400,4600,4.5,20.596643236084677,800,3200,3.0
171,normal,conventional,low,1.0,171,5400,4600,4.5,20.596643236084677,800,3200,3.0
172,normal,conventional,low,1.0,172,5400,4600,4.5,20.596643236084677,800,3200,3.0
173,normal,conventional,low,1.0,173,5400,4600,4.5,20.596643236084677,800,3200,3.0
174,normal,conventional,low,1.0,174,5400,4600,4.5,20.596643236084677,800,3200,3.0
175,normal,conventional,low,1.0,175,5400,4600,4.5,20.596643236084677,800,3200,3.0
176,normal,conventional,low,1.0,176,5400,4600,4.5,20.596643236084677,800,3200,3.0
177,normal,conventional,low,1.0,177,5400,4600,4.5,20.596643236084677,800,3200,3.0
178,normal,conventional,low,1.0,178,5400,4600,4.5,20.596643236084677,800,3200,3.0
179,normal,conventional,low,1.0,179,5400,4600,4.5,20.596643236084677,800,3200,3.0
180,normal,conventional,low,1.0,180,5400,4600,4.5,20.596643236084677,800,3200,3.0
181,normal,conventional,low,1.0,181,5400,4600,4.5,20.596643236084677,800,3200,3.0
182,normal,conventional,low,1.0,182,5400,4600,4.5,20.596643236084677,800,3200,3.0
183,normal,conventional,low,1.0,183,5400,4600,4.5,20.596643236084677,800,3200,3.0
184,normal,conventional,low,1.0,184,5400,4600,4.5,20.596643236084677,800,3200,3.0
185,normal,conventional,low,1.0,185,5400,4600,4.5,20.596643236084677,800,3200,3.0
186,normal,conventional,low,1.0,186,5400,4600,4.5,20.596643236084677,800,3200,3.0
187,normal,conventional,low,1.0,187,5400,4600,4.5,20.596643236084677,800,3200,3.0
188,normal,conventional,low,1.0,188,5400,4600,4.5,20.596643236084677,800,3200,3.0
189,normal,conventional,low,1.0,189,5400,4600,4.5,20.596643236084677,800,3200,3.0
190,normal,conventional,low,1.0,190,5400,4600,4.5,20.596643236084677,800,3200,3.0
191,normal,conventional,low,1.0,191,5400,4600,4.5,20.596643236084677,800,3200,3.0
192,normal,conventional,low,1.0,192,5400,4600,4.5,20.596643236084677,800,3200,3.0
193,normal,conventional,low,1.0,193,5400,4600,4.5,20.596643236084677,800,3200,3.0
194,normal,conventional,low,1.0,194,5400,4600,4.5,20.596643236084677,800,3200,3.0
195,normal,conventional,low,1.0,195,5400,4600,4.5,20.596643236084677,800,3200,3.0
196,normal,conventional,medium,3.5,196,5400,4600,4.5,20.596643236084677,800,3200,3.0
197,normal,conventional,medium,3.5,197,5400,4600,4.5,20.596643236084677,800,3200,3.0
198,normal,conventional,medium,3.5,198,5400,4600,4.5,20.596643236084677,800,3200,3.0
199,normal,conventional,medium,3.5,199,5400,4600,4.5,20.596643236084677,800,3200,3.0
200,normal,conventional,medium,3.5,200,5400,4600,4.5,20.596643236084677,800,3200,3.0
201,normal,conventional,medium,3.5,201,5400,4600,4.5,20.596643236084677,800,3200,3.0
202,normal,conventional,medium,3.5,202,5400,4600,4.5,20.596643236084677,800,3200,3.0
203,normal,conventional,medium,3.5,203,5400,4600,4.5,20.596643236084677,800,3200,3.0
204,normal,conventional,medium,3.5,204,5400,4600,4.5,20.596643236084677,800,3200,3.0
205,normal,conventional,medium,3.5,205,5400,4600,4.5,20.596643236084677,800,3200,3.0
206,normal,conventional,medium,3.5,206,5400,4600,4.5,20.596643236084677,800,3200,3.0
207,normal,conventional,medium,3.5,207,5400,4600,4.5,20.596643236084677,800,3200,3.0
208,normal,conventional,medium,3.5,208,5400,4600,4.5,20.596643236084677,800,3200,3.0
209,normal,conventional,medium,3.5,209,5400,4600,4.5,20.596643236084677,800,3200,3.0
210,normal,conventional,medium,3.5,210,5400,4600,4.5,20.596643236084677,800,3200,3.0
211,normal,conventional,medium,3.5,211,5400,4600,4.5,20.596643236084677,800,3200,3.0
212,normal,conventional,medium,3.5,212,5400,4600,4.5,20.596643236084677,800,3200,3.0
213,normal,conventional,medium,3.5,213,5400,4600,4.5,20.596643236084677,800,3200,3.0
214,normal,conventional,medium,3.5,214,5400,4600,4.5,20.596643236084677,800,3200,3.0
215,normal,conventional,medium,3.5,215,5400,4600,4.5,20.596643236084677,800,3200,3.0
216,normal,conventional,medium,3.5,216,5400,4600,4.5,20.596643236084677,800,3200,3.0
217,normal,conventional,medium,3.5,217,5400,4600,4.5,20.596643236084677,800,3200,3.0
218,normal,conventional,medium,3.5,218,5400,4600,4.5,20.596643236084677,800,3200,3.0
219,normal,conventional,medium,3.5,219,5400,4600,4.5,20.596643236084677,800,3200,3.0
220,normal,conventional,medium,3.5,220,5400,4600,4.5,20.596643236084677,800,3200,3.0
221,normal,conventional,medium,3.5,221,5400,4600,4.5,20.596643236084677,800,3200,3.0
222,normal,conventional,medium,3.5,222,5400,4600,4.5,20.596643236084677,800,3200,3.0
223,normal,conventional,medium,3.5,223,5400,4600,4.5,20.596643236084677,800,3200,3.0
224,normal,conventional,high,8.0,224,5400,4600,4.5,20.596643236084677,800,3200,3.0
225,normal,conventional,high,8.0,225,5400,4600,4.5,20.596643236084677,800,3200,3.0
226,normal,conventional,high,8.0,226,5400,4600,4.5,20.596643236084677,800,3200,3.0
227,normal,conventional,high,8.0,227,5400,4600,4.5,20.596643236084677,800,3200,3.0
228,normal,conventional,high,8.0,228,5400,4600,4.5,20.596643236084677,800,3200,3.0
229,normal,conventional,high,8.0,229,5400,4600,4.5,20.596643236084677,800,3200,3.0
230,normal,conventional,high,8.0,230,5400,4600,4.5,20.596643236084677,800,3200,3.0
231,normal,conventional,high,8.0,231,5400,4600,4.5,20.596643236084677,800,3200,3.0
232,normal,conventional,high,8.0,232,5400,4600,4.5,20.596643236084677,800,3200,3.0
233,normal,conventional,high,8.0,233,5400,4600,4.5,20.596643236084677,800,3200,3.0
234,normal,conventional,high,8.0,234,5400,4600,4.5,20.596643236084677,800,3200,3.0
235,normal,conventional,high,8.0,235,5400,4600,4.5,20.596643236084677,800,3200,3.0
236,normal,conventional,high,8.0,236,5400,4600,4.5,20.596643236084677,800,3200,3.0
237,normal,conventional,high,8.0,237,5400,4600,4.5,20.596643236084677,800,3200,3.0
238,normal,conventional,high,8.0,238,5400,4600,4.5,20.596643236084677,800,3200,3.0
239,normal,conventional,high,8.0,239,5400,4600,4.5,20.596643236084677,800,3200,3.0
240,normal,conventional,high,8.0,240,5400,4600,4.5,20.596643236084677,800,3200,3.0
241,normal,conventional,high,8.0,241,5400,4600,4.5,20.596643236084677,800,3200,3.0
242,normal,conventional,high,8.0,242,5400,4600,4.5,20.596643236084677,800,3200,3.0
243,normal,conventional,high,8.0,243,5400,4600,4.5,20.596643236084677,800,3200,3.0
244,normal,conventional,high,8.0,244,5400,4600,4.5,20.596643236084677,800,3200,3.0
245,normal,conventional,high,8.0,245,5400,4600,4.5,20.596643236084677,800,3200,3.0
246,normal,conventional,high,8.0,246,5400,4600,4.5,20.596643236084677,800,3200,3.0
247,normal,conventional,high,8.0,247,5400,4600,4.5,20.596643236084677,800,3200,3.0
248,normal,conventional,high,8.0,248,5400,4600,4.5,20.596643236084677,800,3200,3.0
249,normal,conventional,high,8.0,249,5400,4600,4.5,20.596643236084677,800,3200,3.0
250,normal,conventional,high,8.0,250,5400,4600,4.5,20.596643236084677,800,3200,3.0
251,normal,conventional,high,8.0,251,5400,4600,4.5,20.596643236084677,800,3200,3.0
252,pressure_dependent,tight_gas,low,1.0,252,7200,6100,7.0,64.17054262767847,1100,4800,5.0
253,pressure_dependent,tight_gas,low,1.0,253,7200,6100,7.0,64.17054262767847,1100,4800,5.0
254,pressure_dependent,tight_gas,low,1.0,254,7200,6100,7.0,64.17054262767847,1100,4800,5.0
255,pressure_dependent,tight_gas,low,1.0,255,7200,6100,7.0,64.17054262767847,1100,4800,5.0
256,pressure_dependent,tight_gas,low,1.0,256,7200,6100,7.0,64.17054262767847,1100,4800,5.0
257,pressure_dependent,tight_gas,low,1.0,257,7200,6100,7.0,64.17054262767847,1100,4800,5.0
258,pressure_dependent,tight_gas,low,1.0,258,7200,6100,7.0,64.17054262767847,1100,4800,5.0
259,pressure_dependent,tight_gas,low,1.0,259,7200,6100,7.0,64.17054262767847,1100,4800,5.0
260,pressure_dependent,tight_gas,low,1.0,260,7200,6100,7.0,64.17054262767847,1100,4800,5.0
261,pressure_dependent,tight_gas,low,1.0,261,7200,6100,7.0,64.17054262767847,1100,4800,5.0
262,pressure_dependent,tight_gas,low,1.0,262,7200,6100,7.0,64.17054262767847,1100,4800,5.0
263,pressure_dependent,tight_gas,low,1.0,263,7200,6100,7.0,64.17054262767847,1100,4800,5.0
264,pressure_dependent,tight_gas,low,1.0,264,7200,6100,7.0,64.17054262767847,1100,4800,5.0
265,pressure_dependent,tight_gas,low,1.0,265,7200,6100,7.0,64.17054262767847,1100,4800,5.0
266,pressure_dependent,tight_gas,low,1.0,266,7200,6100,7.0,64.17054262767847,1100,4800,5.0
267,pressure_dependent,tight_gas,low,1.0,267,7200,6100,7.0,64.17054262767847,1100,4800,5.0
268,pressure_dependent,tight_gas,low,1.0,268,7200,6100,7.0,64.17054262767847,1100,4800,5.0
269,pressure_dependent,tight_gas,low,1.0,269,7200,6100,7.0,64.17054262767847,1100,4800,5.0
270,pressure_dependent,tight_gas,low,1.0,270,7200,6100,7.0,64.17054262767847,1100,4800,5.0
271,pressure_dependent,tight_gas,low,1.0,271,7200,6100,7.0,64.17054262767847,1100,4800,5.0
272,pressure_dependent,tight_gas,low,1.0,272,7200,6100,7.0,64.17054262767847,1100,4800,5.0
273,pressure_dependent,tight_gas,low,1.0,273,7200,6100,7.0,64.17054262767847,1100,4800,5.0
274,pressure_dependent,tight_gas,low,1.0,274,7200,6100,7.0,64.17054262767847,1100,4800,5.0
275,pressure_dependent,tight_gas,low,1.0,275,7200,6100,7.0,64.17054262767847,1100,4800,5.0
276,pressure_dependent,tight_gas,low,1.0,276,7200,6100,7.0,64.17054262767847,1100,4800,5.0
277,pressure_dependent,tight_gas,low,1.0,277,7200,6100,7.0,64.17054262767847,1100,4800,5.0
278,pressure_dependent,tight_gas,low,1.0,278,7200,6100,7.0,64.17054262767847,1100,4800,5.0
279,pressure_dependent,tight_gas,low,1.0,279,7200,6100,7.0,64.17054262767847,1100,4800,5.0
280,pressure_dependent,tight_gas,medium,3.5,280,7200,6100,7.0,64.17054262767847,1100,4800,5.0
281,pressure_dependent,tight_gas,medium,3.5,281,7200,6100,7.0,64.17054262767847,1100,4800,5.0
282,pressure_dependent,tight_gas,medium,3.5,282,7200,6100,7.0,64.17054262767847,1100,4800,5.0
283,pressure_dependent,tight_gas,medium,3.5,283,7200,6100,7.0,64.17054262767847,1100,4800,5.0
284,pressure_dependent,tight_gas,medium,3.5,284,7200,6100,7.0,64.17054262767847,1100,4800,5.0
285,pressure_dependent,tight_gas,medium,3.5,285,7200,6100,7.0,64.17054262767847,1100,4800,5.0
286,pressure_dependent,tight_gas,medium,3.5,286,7200,6100,7.0,64.17054262767847,1100,4800,5.0
287,pressure_dependent,tight_gas,medium,3.5,287,7200,6100,7.0,64.17054262767847,1100,4800,5.0
288,pressure_dependent,tight_gas,medium,3.5,288,7200,6100,7.0,64.17054262767847,1100,4800,5.0
289,pressure_dependent,tight_gas,medium,3.5,289,7200,6100,7.0,64.17054262767847,1100,4800,5.0
290,pressure_dependent,tight_gas,medium,3.5,290,7200,6100,7.0,64.17054262767847,1100,4800,5.0
291,pressure_dependent,tight_gas,medium,3.5,291,7200,6100,7.0,64.17054262767847,1100,4800,5.0
292,pressure_dependent,tight_gas,medium,3.5,292,7200,6100,7.0,64.17054262767847,1100,4800,5.0
293,pressure_dependent,tight_gas,medium,3.5,293,7200,6100,7.0,64.17054262767847,1100,4800,5.0
294,pressure_dependent,tight_gas,medium,3.5,294,7200,6100,7.0,64.17054262767847,1100,4800,5.0
295,pressure_dependent,tight_gas,medium,3.5,295,7200,6100,7.0,64.17054262767847,1100,4800,5.0
296,pressure_dependent,tight_gas,medium,3.5,296,7200,6100,7.0,64.17054262767847,1100,4800,5.0
297,pressure_dependent,tight_gas,medium,3.5,297,7200,6100,7.0,64.17054262767847,1100,4800,5.0
298,pressure_dependent,tight_gas,medium,3.5,298,7200,6100,7.0,64.17054262767847,1100,4800,5.0
299,pressure_dependent,tight_gas,medium,3.5,299,7200,6100,7.0,64.17054262767847,1100,4800,5.0
300,pressure_dependent,tight_gas,medium,3.5,300,7200,6100,7.0,64.17054262767847,1100,4800,5.0
301,pressure_dependent,tight_gas,medium,3.5,301,7200,6100,7.0,64.17054262767847,1100,4800,5.0
302,pressure_dependent,tight_gas,medium,3.5,302,7200,6100,7.0,64.17054262767847,1100,4800,5.0
303,pressure_dependent,tight_gas,medium,3.5,303,7200,6100,7.0,64.17054262767847,1100,4800,5.0
304,pressure_dependent,tight_gas,medium,3.5,304,7200,6100,7.0,64.17054262767847,1100,4800,5.0
305,pressure_dependent,tight_gas,medium,3.5,305,7200,6100,7.0,64.17054262767847,1100,4800,5.0
306,pressure_dependent,tight_gas,medium,3.5,306,7200,6100,7.0,64.17054262767847,1100,4800,5.0
307,pressure_dependent,tight_gas,medium,3.5,307,7200,6100,7.0,64.17054262767847,1100,4800,5.0
308,pressure_dependent,tight_gas,high,8.0,308,7200,6100,7.0,64.17054262767847,1100,4800,5.0
309,pressure_dependent,tight_gas,high,8.0,309,7200,6100,7.0,64.17054262767847,1100,4800,5.0
310,pressure_dependent,tight_gas,high,8.0,310,7200,6100,7.0,64.17054262767847,1100,4800,5.0
311,pressure_dependent,tight_gas,high,8.0,311,7200,6100,7.0,64.17054262767847,1100,4800,5.0
312,pressure_dependent,tight_gas,high,8.0,312,7200,6100,7.0,64.17054262767847,1100,4800,5.0
313,pressure_dependent,tight_gas,high,8.0,313,7200,6100,7.0,64.17054262767847,1100,4800,5.0
314,pressure_dependent,tight_gas,high,8.0,314,7200,6100,7.0,64.17054262767847,1100,4800,5.0
315,pressure_dependent,tight_gas,high,8.0,315,7200,6100,7.0,64.17054262767847,1100,4800,5.0
316,pressure_dependent,tight_gas,high,8.0,316,7200,6100,7.0,64.17054262767847,1100,4800,5.0
317,pressure_dependent,tight_gas,high,8.0,317,7200,6100,7.0,64.17054262767847,1100,4800,5.0
318,pressure_dependent,tight_gas,high,8.0,318,7200,6100,7.0,64.17054262767847,1100,4800,5.0
319,pressure_dependent,tight_gas,high,8.0,319,7200,6100,7.0,64.17054262767847,1100,4800,5.0
320,pressure_dependent,tight_gas,high,8.0,320,7200,6100,7.0,64.17054262767847,1100,4800,5.0
321,pressure_dependent,tight_gas,high,8.0,321,7200,6100,7.0,64.17054262767847,1100,4800,5.0
322,pressure_dependent,tight_gas,high,8.0,322,7200,6100,7.0,64.17054262767847,1100,4800,5.0
323,pressure_dependent,tight_gas,high,8.0,323,7200,6100,7.0,64.17054262767847,1100,4800,5.0
324,pressure_dependent,tight_gas,high,8.0,324,7200,6100,7.0,64.17054262767847,1100,4800,5.0
325,pressure_dependent,tight_gas,high,8.0,325,7200,6100,7.0,64.17054262767847,1100,4800,5.0
326,pressure_dependent,tight_gas,high,8.0,326,7200,6100,7.0,64.17054262767847,1100,4800,5.0
327,pressure_dependent,tight_gas,high,8.0,327,7200,6100,7.0,64.17054262767847,1100,4800,5.0
328,pressure_dependent,tight_gas,high,8.0,328,7200,6100,7.0,64.17054262767847,1100,4800,5.0
329,pressure_dependent,tight_gas,high,8.0,329,7200,6100,7.0,64.17054262767847,1100,4800,5.0
330,pressure_dependent,tight_gas,high,8.0,330,7200,6100,7.0,64.17054262767847,1100,4800,5.0
331,pressure_dependent,tight_gas,high,8.0,331,7200,6100,7.0,64.17054262767847,1100,4800,5.0
332,pressure_dependent,tight_gas,high,8.0,332,7200,6100,7.0,64.17054262767847,1100,4800,5.0
333,pressure_dependent,tight_gas,high,8.0,333,7200,6100,7.0,64.17054262767847,1100,4800,5.0
334,pressure_dependent,tight_gas,high,8.0,334,7200,6100,7.0,64.17054262767847,1100,4800,5.0
335,pressure_dependent,tight_gas,high,8.0,335,7200,6100,7.0,64.17054262767847,1100,4800,5.0
336,pressure_dependent,shale,low,1.0,336,9400,7900,10.0,180.353235912952,1500,6200,8.0
337,pressure_dependent,shale,low,1.0,337,9400,7900,10.0,180.353235912952,1500,6200,8.0
338,pressure_dependent,shale,low,1.0,338,9400,7900,10.0,180.353235912952,1500,6200,8.0
339,pressure_dependent,shale,low,1.0,339,9400,7900,10.0,180.353235912952,1500,6200,8.0
340,pressure_dependent,shale,low,1.0,340,9400,7900,10.0,180.353235912952,1500,6200,8.0
341,pressure_dependent,shale,low,1.0,341,9400,7900,10.0,180.353235912952,1500,6200,8.0
342,pressure_dependent,shale,low,1.0,342,9400,7900,10.0,180.353235912952,1500,6200,8.0
343,pressure_dependent,shale,low,1.0,343,9400,7900,10.0,180.353235912952,1500,6200,8.0
344,pressure_dependent,shale,low,1.0,344,9400,7900,10.0,180.353235912952,1500,6200,8.0
345,pressure_dependent,shale,low,1.0,345,9400,7900,10.0,180.353235912952,1500,6200,8.0
346,pressure_dependent,shale,low,1.0,346,9400,7900,10.0,180.353235912952,1500,6200,8.0
347,pressure_dependent,shale,low,1.0,347,9400,7900,10.0,180.353235912952,1500,6200,8.0
348,pressure_dependent,shale,low,1.0,348,9400,7900,10.0,180.353235912952,1500,6200,8.0
349,pressure_dependent,shale,low,1.0,349,9400,7900,10.0,180.353235912952,1500,6200,8.0
350,pressure_dependent,shale,low,1.0,350,9400,7900,10.0,180.353235912952,1500,6200,8.0
351,pressure_dependent,shale,low,1.0,351,9400,7900,10.0,180.353235912952,1500,6200,8.0
352,pressure_dependent,shale,low,1.0,352,9400,7900,10.0,180.353235912952,1500,6200,8.0
353,pressure_dependent,shale,low,1.0,353,9400,7900,10.0,180.353235912952,1500,6200,8.0
354,pressure_dependent,shale,low,1.0,354,9400,7900,10.0,180.353235912952,1500,6200,8.0
355,pressure_dependent,shale,low,1.0,355,9400,7900,10.0,180.353235912952,1500,6200,8.0
356,pressure_dependent,shale,low,1.0,356,9400,7900,10.0,180.353235912952,1500,6200,8.0
357,pressure_dependent,shale,low,1.0,357,9400,7900,10.0,180.353235912952,1500,6200,8.0
358,pressure_dependent,shale,low,1.0,358,9400,7900,10.0,180.353235912952,1500,6200,8.0
359,pressure_dependent,shale,low,1.0,359,9400,7900,10.0,180.353235912952,1500,6200,8.0
360,pressure_dependent,shale,low,1.0,360,9400,7900,10.0,180.353235912952,1500,6200,8.0
361,pressure_dependent,shale,low,1.0,361,9400,7900,10.0,180.353235912952,1500,6200,8.0
362,pressure_dependent,shale,low,1.0,362,9400,7900,10.0,180.353235912952,1500,6200,8.0
363,pressure_dependent,shale,low,1.0,363,9400,7900,10.0,180.353235912952,1500,6200,8.0
364,pressure_dependent,shale,medium,3.5,364,9400,7900,10.0,180.353235912952,1500,6200,8.0
365,pressure_dependent,shale,medium,3.5,365,9400,7900,10.0,180.353235912952,1500,6200,8.0
366,pressure_dependent,shale,medium,3.5,366,9400,7900,10.0,180.353235912952,1500,6200,8.0
367,pressure_dependent,shale,medium,3.5,367,9400,7900,10.0,180.353235912952,1500,6200,8.0
368,pressure_dependent,shale,medium,3.5,368,9400,7900,10.0,180.353235912952,1500,6200,8.0
369,pressure_dependent,shale,medium,3.5,369,9400,7900,10.0,180.353235912952,1500,6200,8.0
370,pressure_dependent,shale,medium,3.5,370,9400,7900,10.0,180.353235912952,1500,6200,8.0
371,pressure_dependent,shale,medium,3.5,371,9400,7900,10.0,180.353235912952,1500,6200,8.0
372,pressure_dependent,shale,medium,3.5,372,9400,7900,10.0,180.353235912952,1500,6200,8.0
373,pressure_dependent,shale,medium,3.5,373,9400,7900,10.0,180.353235912952,1500,6200,8.0
374,pressure_dependent,shale,medium,3.5,374,9400,7900,10.0,180.353235912952,1500,6200,8.0
375,pressure_dependent,shale,medium,3.5,375,9400,7900,10.0,180.353235912952,1500,6200,8.0
376,pressure_dependent,shale,medium,3.5,376,9400,7900,10.0,180.353235912952,1500,6200,8.0
377,pressure_dependent,shale,medium,3.5,377,9400,7900,10.0,180.353235912952,1500,6200,8.0
378,pressure_dependent,shale,medium,3.5,378,9400,7900,10.0,180.353235912952,1500,6200,8.0
379,pressure_dependent,shale,medium,3.5,379,9400,7900,10.0,180.353235912952,1500,6200,8.0
380,pressure_dependent,shale,medium,3.5,380,9400,7900,10.0,180.353235912952,1500,6200,8.0
381,pressure_dependent,shale,medium,3.5,381,9400,7900,10.0,180.353235912952,1500,6200,8.0
382,pressure_dependent,shale,medium,3.5,382,9400,7900,10.0,180.353235912952,1500,6200,8.0
383,pressure_dependent,shale,medium,3.5,383,9400,7900,10.0,180.353235912952,1500,6200,8.0
384,pressure_dependent,shale,medium,3.5,384,9400,7900,10.0,180.353235912952,1500,6200,8.0
385,pressure_dependent,shale,medium,3.5,385,9400,7900,10.0,180.353235912952,1500,6200,8.0
386,pressure_dependent,shale,medium,3.5,386,9400,7900,10.0,180.353235912952,1500,6200,8.0
387,pressure_dependent,shale,medium,3.5,387,9400,7900,10.0,180.353235912952,1500,6200,8.0
388,pressure_dependent,shale,medium,3.5,388,9400,7900,10.0,180.353235912952,1500,6200,8.0
389,pressure_dependent,shale,medium,3.5,389,9400,7900,10.0,180.353235912952,1500,6200,8.0
390,pressure_dependent,shale,medium,3.5,390,9400,7900,10.0,180.353235912952,1500,6200,8.0
391,pressure_dependent,shale,medium,3.5,391,9400,7900,10.0,180.353235912952,1500,6200,8.0
392,pressure_dependent,shale,high,8.0,392,9400,7900,10.0,180.353235912952,1500,6200,8.0
393,pressure_dependent,shale,high,8.0,393,9400,7900,10.0,180.353235912952,1500,6200,8.0
394,pressure_dependent,shale,high,8.0,394,9400,7900,10.0,180.353235912952,1500,6200,8.0
395,pressure_dependent,shale,high,8.0,395,9400,7900,10.0,180.353235912952,1500,6200,8.0
396,pressure_dependent,shale,high,8.0,396,9400,7900,10.0,180.353235912952,1500,6200,8.0
397,pressure_dependent,shale,high,8.0,397,9400,7900,10.0,180.353235912952,1500,6200,8.0
398,pressure_dependent,shale,high,8.0,398,9400,7900,10.0,180.353235912952,1500,6200,8.0
399,pressure_dependent,shale,high,8.0,399,9400,7900,10.0,180.353235912952,1500,6200,8.0
400,pressure_dependent,shale,high,8.0,400,9400,7900,10.0,180.353235912952,1500,6200,8.0
401,pressure_dependent,shale,high,8.0,401,9400,7900,10.0,180.353235912952,1500,6200,8.0
402,pressure_dependent,shale,high,8.0,402,9400,7900,10.0,180.353235912952,1500,6200,8.0
403,pressure_dependent,shale,high,8.0,403,9400,7900,10.0,180.353235912952,1500,6200,8.0
404,pressure_dependent,shale,high,8.0,404,9400,7900,10.0,180.353235912952,1500,6200,8.0
405,pressure_dependent,shale,high,8.0,405,9400,7900,10.0,180.353235912952,1500,6200,8.0
406,pressure_dependent,shale,high,8.0,406,9400,7900,10.0,180.353235912952,1500,6200,8.0
407,pressure_dependent,shale,high,8.0,407,9400,7900,10.0,180.353235912952,1500,6200,8.0
408,pressure_dependent,shale,high,8.0,408,9400,7900,10.0,180.353235912952,1500,6200,8.0
409,pressure_dependent,shale,high,8.0,409,9400,7900,10.0,180.353235912952,1500,6200,8.0
410,pressure_dependent,shale,high,8.0,410,9400,7900,10.0,180.353235912952,1500,6200,8.0
411,pressure_dependent,shale,high,8.0,411,9400,7900,10.0,180.353235912952,1500,6200,8.0
412,pressure_dependent,shale,high,8.0,412,9400,7900,10.0,180.353235912952,1500,6200,8.0
413,pressure_dependent,shale,high,8.0,413,9400,7900,10.0,180.353235912952,1500,6200,8.0
414,pressure_dependent,shale,high,8.0,414,9400,7900,10.0,180.353235912952,1500,6200,8.0
415,pressure_dependent,shale,high,8.0,415,9400,7900,10.0,180.353235912952,1500,6200,8.0
416,pressure_dependent,shale,high,8.0,416,9400,7900,10.0,180.353235912952,1500,6200,8.0
417,pressure_dependent,shale,high,8.0,417,9400,7900,10.0,180.353235912952,1500,6200,8.0
418,pressure_dependent,shale,high,8.0,418,9400,7900,10.0,180.353235912952,1500,6200,8.0
419,pressure_dependent,shale,high,8.0,419,9400,7900,10.0,180.353235912952,1500,6200,8.0
420,pressure_dependent,conventional,low,1.0,420,5400,4600,4.5,20.596643236084677,800,3200,3.0
421,pressure_dependent,conventional,low,1.0,421,5400,4600,4.5,20.596643236084677,800,3200,3.0
422,pressure_dependent,conventional,low,1.0,422,5400,4600,4.5,20.596643236084677,800,3200,3.0
423,pressure_dependent,conventional,low,1.0,423,5400,4600,4.5,20.596643236084677,800,3200,3.0
424,pressure_dependent,conventional,low,1.0,424,5400,4600,4.5,20.596643236084677,800,3200,3.0
425,pressure_dependent,conventional,low,1.0,425,5400,4600,4.5,20.596643236084677,800,3200,3.0
426,pressure_dependent,conventional,low,1.0,426,5400,4600,4.5,20.596643236084677,800,3200,3.0
427,pressure_dependent,conventional,low,1.0,427,5400,4600,4.5,20.596643236084677,800,3200,3.0
428,pressure_dependent,conventional,low,1.0,428,5400,4600,4.5,20.596643236084677,800,3200,3.0
429,pressure_dependent,conventional,low,1.0,429,5400,4600,4.5,20.596643236084677,800,3200,3.0
430,pressure_dependent,conventional,low,1.0,430,5400,4600,4.5,20.596643236084677,800,3200,3.0
431,pressure_dependent,conventional,low,1.0,431,5400,4600,4.5,20.596643236084677,800,3200,3.0
432,pressure_dependent,conventional,low,1.0,432,5400,4600,4.5,20.596643236084677,800,3200,3.0
433,pressure_dependent,conventional,low,1.0,433,5400,4600,4.5,20.596643236084677,800,3200,3.0
434,pressure_dependent,conventional,low,1.0,434,5400,4600,4.5,20.596643236084677,800,3200,3.0
435,pressure_dependent,conventional,low,1.0,435,5400,4600,4.5,20.596643236084677,800,3200,3.0
436,pressure_dependent,conventional,low,1.0,436,5400,4600,4.5,20.596643236084677,800,3200,3.0
437,pressure_dependent,conventional,low,1.0,437,5400,4600,4.5,20.596643236084677,800,3200,3.0
438,pressure_dependent,conventional,low,1.0,438,5400,4600,4.5,20.596643236084677,800,3200,3.0
439,pressure_dependent,conventional,low,1.0,439,5400,4600,4.5,20.596643236084677,800,3200,3.0
440,pressure_dependent,conventional,low,1.0,440,5400,4600,4.5,20.596643236084677,800,3200,3.0
441,pressure_dependent,conventional,low,1.0,441,5400,4600,4.5,20.596643236084677,800,3200,3.0
442,pressure_dependent,conventional,low,1.0,442,5400,4600,4.5,20.596643236084677,800,3200,3.0
443,pressure_dependent,conventional,low,1.0,443,5400,4600,4.5,20.596643236084677,800,3200,3.0
444,pressure_dependent,conventional,low,1.0,444,5400,4600,4.5,20.596643236084677,800,3200,3.0
445,pressure_dependent,conventional,low,1.0,445,5400,4600,4.5,20.596643236084677,800,3200,3.0
446,pressure_dependent,conventional,low,1.0,446,5400,4600,4.5,20.596643236084677,800,3200,3.0
447,pressure_dependent,conventional,low,1.0,447,5400,4600,4.5,20.596643236084677,800,3200,3.0
448,pressure_dependent,conventional,medium,3.5,448,5400,4600,4.5,20.596643236084677,800,3200,3.0
449,pressure_dependent,conventional,medium,3.5,449,5400,4600,4.5,20.596643236084677,800,3200,3.0
450,pressure_dependent,conventional,medium,3.5,450,5400,4600,4.5,20.596643236084677,800,3200,3.0
451,pressure_dependent,conventional,medium,3.5,451,5400,4600,4.5,20.596643236084677,800,3200,3.0
452,pressure_dependent,conventional,medium,3.5,452,5400,4600,4.5,20.596643236084677,800,3200,3.0
453,pressure_dependent,conventional,medium,3.5,453,5400,4600,4.5,20.596643236084677,800,3200,3.0
454,pressure_dependent,conventional,medium,3.5,454,5400,4600,4.5,20.596643236084677,800,3200,3.0
455,pressure_dependent,conventional,medium,3.5,455,5400,4600,4.5,20.596643236084677,800,3200,3.0
456,pressure_dependent,conventional,medium,3.5,456,5400,4600,4.5,20.596643236084677,800,3200,3.0
457,pressure_dependent,conventional,medium,3.5,457,5400,4600,4.5,20.596643236084677,800,3200,3.0
458,pressure_dependent,conventional,medium,3.5,458,5400,4600,4.5,20.596643236084677,800,3200,3.0
459,pressure_dependent,conventional,medium,3.5,459,5400,4600,4.5,20.596643236084677,800,3200,3.0
460,pressure_dependent,conventional,medium,3.5,460,5400,4600,4.5,20.596643236084677,800,3200,3.0
461,pressure_dependent,conventional,medium,3.5,461,5400,4600,4.5,20.596643236084677,800,3200,3.0
462,pressure_dependent,conventional,medium,3.5,462,5400,4600,4.5,20.596643236084677,800,3200,3.0
463,pressure_dependent,conventional,medium,3.5,463,5400,4600,4.5,20.596643236084677,800,3200,3.0
464,pressure_dependent,conventional,medium,3.5,464,5400,4600,4.5,20.596643236084677,800,3200,3.0
465,pressure_dependent,conventional,medium,3.5,465,5400,4600,4.5,20.596643236084677,800,3200,3.0
466,pressure_dependent,conventional,medium,3.5,466,5400,4600,4.5,20.596643236084677,800,3200,3.0
467,pressure_dependent,conventional,medium,3.5,467,5400,4600,4.5,20.596643236084677,800,3200,3.0
468,pressure_dependent,conventional,medium,3.5,468,5400,4600,4.5,20.596643236084677,800,3200,3.0
469,pressure_dependent,conventional,medium,3.5,469,5400,4600,4.5,20.596643236084677,800,3200,3.0
470,pressure_dependent,conventional,medium,3.5,470,5400,4600,4.5,20.596643236084677,800,3200,3.0
471,pressure_dependent,conventional,medium,3.5,471,5400,4600,4.5,20.596643236084677,800,3200,3.0
472,pressure_dependent,conventional,medium,3.5,472,5400,4600,4.5,20.596643236084677,800,3200,3.0
473,pressure_dependent,conventional,medium,3.5,473,5400,4600,4.5,20.596643236084677,800,3200,3.0
474,pressure_dependent,conventional,medium,3.5,474,5400,4600,4.5,20.596643236084677,800,3200,3.0
475,pressure_dependent,conventional,medium,3.5,475,5400,4600,4.5,20.596643236084677,800,3200,3.0
476,pressure_dependent,conventional,high,8.0,476,5400,4600,4.5,20.596643236084677,800,3200,3.0
477,pressure_dependent,conventional,high,8.0,477,5400,4600,4.5,20.596643236084677,800,3200,3.0
478,pressure_dependent,conventional,high,8.0,478,5400,4600,4.5,20.596643236084677,800,3200,3.0
479,pressure_dependent,conventional,high,8.0,479,5400,4600,4.5,20.596643236084677,800,3200,3.0
480,pressure_dependent,conventional,high,8.0,480,5400,4600,4.5,20.596643236084677,800,3200,3.0
481,pressure_dependent,conventional,high,8.0,481,5400,4600,4.5,20.596643236084677,800,3200,3.0
482,pressure_dependent,conventional,high,8.0,482,5400,4600,4.5,20.596643236084677,800,3200,3.0
483,pressure_dependent,conventional,high,8.0,483,5400,4600,4.5,20.596643236084677,800,3200,3.0
484,pressure_dependent,conventional,high,8.0,484,5400,4600,4.5,20.596643236084677,800,3200,3.0
485,pressure_dependent,conventional,high,8.0,485,5400,4600,4.5,20.596643236084677,800,3200,3.0
486,pressure_dependent,conventional,high,8.0,486,5400,4600,4.5,20.596643236084677,800,3200,3.0
487,pressure_dependent,conventional,high,8.0,487,5400,4600,4.5,20.596643236084677,800,3200,3.0
488,pressure_dependent,conventional,high,8.0,488,5400,4600,4.5,20.596643236084677,800,3200,3.0
489,pressure_dependent,conventional,high,8.0,489,5400,4600,4.5,20.596643236084677,800,3200,3.0
490,pressure_dependent,conventional,high,8.0,490,5400,4600,4.5,20.596643236084677,800,3200,3.0
491,pressure_dependent,conventional,high,8.0,491,5400,4600,4.5,20.596643236084677,800,3200,3.0
492,pressure_dependent,conventional,high,8.0,492,5400,4600,4.5,20.596643236084677,800,3200,3.0
493,pressure_dependent,conventional,high,8.0,493,5400,4600,4.5,20.596643236084677,800,3200,3.0
494,pressure_dependent,conventional,high,8.0,494,5400,4600,4.5,20.596643236084677,800,3200,3.0
495,pressure_dependent,conventional,high,8.0,495,5400,4600,4.5,20.596643236084677,800,3200,3.0
496,pressure_dependent,conventional,high,8.0,496,5400,4600,4.5,20.596643236084677,800,3200,3.0
497,pressure_dependent,conventional,high,8.0,497,5400,4600,4.5,20.596643236084677,800,3200,3.0
498,pressure_dependent,conventional,high,8.0,498,5400,4600,4.5,20.596643236084677,800,3200,3.0
499,pressure_dependent,conventional,high,8.0,499,5400,4600,4.5,20.596643236084677,800,3200,3.0
500,pressure_dependent,conventional,high,8.0,500,5400,4600,4.5,20.596643236084677,800,3200,3.0
501,pressure_dependent,conventional,high,8.0,501,5400,4600,4.5,20.596643236084677,800,3200,3.0
502,pressure_dependent,conventional,high,8.0,502,5400,4600,4.5,20.596643236084677,800,3200,3.0
503,pressure_dependent,conventional,high,8.0,503,5400,4600,4.5,20.596643236084677,800,3200,3.0
504,height_recession,tight_gas,low,1.0,504,7200,6100,7.0,64.17054262767847,1100,4800,5.0
505,height_recession,tight_gas,low,1.0,505,7200,6100,7.0,64.17054262767847,1100,4800,5.0
506,height_recession,tight_gas,low,1.0,506,7200,6100,7.0,64.17054262767847,1100,4800,5.0
507,height_recession,tight_gas,low,1.0,507,7200,6100,7.0,64.17054262767847,1100,4800,5.0
508,height_recession,tight_gas,low,1.0,508,7200,6100,7.0,64.17054262767847,1100,4800,5.0
509,height_recession,tight_gas,low,1.0,509,7200,6100,7.0,64.17054262767847,1100,4800,5.0
510,height_recession,tight_gas,low,1.0,510,7200,6100,7.0,64.17054262767847,1100,4800,5.0
511,height_recession,tight_gas,low,1.0,511,7200,6100,7.0,64.17054262767847,1100,4800,5.0
512,height_recession,tight_gas,low,1.0,512,7200,6100,7.0,64.17054262767847,1100,4800,5.0
513,height_recession,tight_gas,low,1.0,513,7200,6100,7.0,64.17054262767847,1100,4800,5.0
514,height_recession,tight_gas,low,1.0,514,7200,6100,7.0,64.17054262767847,1100,4800,5.0
515,height_recession,tight_gas,low,1.0,515,7200,6100,7.0,64.17054262767847,1100,4800,5.0
516,height_recession,tight_gas,low,1.0,516,7200,6100,7.0,64.17054262767847,1100,4800,5.0
517,height_recession,tight_gas,low,1.0,517,7200,6100,7.0,64.17054262767847,1100,4800,5.0
518,height_recession,tight_gas,low,1.0,518,7200,6100,7.0,64.17054262767847,1100,4800,5.0
519,height_recession,tight_gas,low,1.0,519,7200,6100,7.0,64.17054262767847,1100,4800,5.0
520,height_recession,tight_gas,low,1.0,520,7200,6100,7.0,64.17054262767847,1100,4800,5.0
521,height_recession,tight_gas,low,1.0,521,7200,6100,7.0,64.17054262767847,1100,4800,5.0
522,height_recession,tight_gas,low,1.0,522,7200,6100,7.0,64.17054262767847,1100,4800,5.0
523,height_recession,tight_gas,low,1.0,523,7200,6100,7.0,64.17054262767847,1100,4800,5.0
524,height_recession,tight_gas,low,1.0,524,7200,6100,7.0,64.17054262767847,1100,4800,5.0
525,height_recession,tight_gas,low,1.0,525,7200,6100,7.0,64.17054262767847,1100,4800,5.0
526,height_recession,tight_gas,low,1.0,526,7200,6100,7.0,64.17054262767847,1100,4800,5.0
527,height_recession,tight_gas,low,1.0,527,7200,6100,7.0,64.17054262767847,1100,4800,5.0
528,height_recession,tight_gas,low,1.0,528,7200,6100,7.0,64.17054262767847,1100,4800,5.0
529,height_recession,tight_gas,low,1.0,529,7200,6100,7.0,64.17054262767847,1100,4800,5.0
530,height_recession,tight_gas,low,1.0,530,7200,6100,7.0,64.17054262767847,1100,4800,5.0
531,height_recession,tight_gas,low,1.0,531,7200,6100,7.0,64.17054262767847,1100,4800,5.0
532,height_recession,tight_gas,medium,3.5,532,7200,6100,7.0,64.17054262767847,1100,4800,5.0
533,height_recession,tight_gas,medium,3.5,533,7200,6100,7.0,64.17054262767847,1100,4800,5.0
534,height_recession,tight_gas,medium,3.5,534,7200,6100,7.0,64.17054262767847,1100,4800,5.0
535,height_recession,tight_gas,medium,3.5,535,7200,6100,7.0,64.17054262767847,1100,4800,5.0
536,height_recession,tight_gas,medium,3.5,536,7200,6100,7.0,64.17054262767847,1100,4800,5.0
537,height_recession,tight_gas,medium,3.5,537,7200,6100,7.0,64.17054262767847,1100,4800,5.0
538,height_recession,tight_gas,medium,3.5,538,7200,6100,7.0,64.17054262767847,1100,4800,5.0
539,height_recession,tight_gas,medium,3.5,539,7200,6100,7.0,64.17054262767847,1100,4800,5.0
540,height_recession,tight_gas,medium,3.5,540,7200,6100,7.0,64.17054262767847,1100,4800,5.0
541,height_recession,tight_gas,medium,3.5,541,7200,6100,7.0,64.17054262767847,1100,4800,5.0
542,height_recession,tight_gas,medium,3.5,542,7200,6100,7.0,64.17054262767847,1100,4800,5.0
543,height_recession,tight_gas,medium,3.5,543,7200,6100,7.0,64.17054262767847,1100,4800,5.0
544,height_recession,tight_gas,medium,3.5,544,7200,6100,7.0,64.17054262767847,1100,4800,5.0
545,height_recession,tight_gas,medium,3.5,545,7200,6100,7.0,64.17054262767847,1100,4800,5.0
546,height_recession,tight_gas,medium,3.5,546,7200,6100,7.0,64.17054262767847,1100,4800,5.0
547,height_recession,tight_gas,medium,3.5,547,7200,6100,7.0,64.17054262767847,1100,4800,5.0
548,height_recession,tight_gas,medium,3.5,548,7200,6100,7.0,64.17054262767847,1100,4800,5.0
549,height_recession,tight_gas,medium,3.5,549,7200,6100,7.0,64.17054262767847,1100,4800,5.0
550,height_recession,tight_gas,medium,3.5,550,7200,6100,7.0,64.17054262767847,1100,4800,5.0
551,height_recession,tight_gas,medium,3.5,551,7200,6100,7.0,64.17054262767847,1100,4800,5.0
552,height_recession,tight_gas,medium,3.5,552,7200,6100,7.0,64.17054262767847,1100,4800,5.0
553,height_recession,tight_gas,medium,3.5,553,7200,6100,7.0,64.17054262767847,1100,4800,5.0
554,height_recession,tight_gas,medium,3.5,554,7200,6100,7.0,64.17054262767847,1100,4800,5.0
555,height_recession,tight_gas,medium,3.5,555,7200,6100,7.0,64.17054262767847,1100,4800,5.0
556,height_recession,tight_gas,medium,3.5,556,7200,6100,7.0,64.17054262767847,1100,4800,5.0
557,height_recession,tight_gas,medium,3.5,557,7200,6100,7.0,64.17054262767847,1100,4800,5.0
558,height_recession,tight_gas,medium,3.5,558,7200,6100,7.0,64.17054262767847,1100,4800,5.0
559,height_recession,tight_gas,medium,3.5,559,7200,6100,7.0,64.17054262767847,1100,4800,5.0
560,height_recession,tight_gas,high,8.0,560,7200,6100,7.0,64.17054262767847,1100,4800,5.0
561,height_recession,tight_gas,high,8.0,561,7200,6100,7.0,64.17054262767847,1100,4800,5.0
562,height_recession,tight_gas,high,8.0,562,7200,6100,7.0,64.17054262767847,1100,4800,5.0
563,height_recession,tight_gas,high,8.0,563,7200,6100,7.0,64.17054262767847,1100,4800,5.0
564,height_recession,tight_gas,high,8.0,564,7200,6100,7.0,64.17054262767847,1100,4800,5.0
565,height_recession,tight_gas,high,8.0,565,7200,6100,7.0,64.17054262767847,1100,4800,5.0
566,height_recession,tight_gas,high,8.0,566,7200,6100,7.0,64.17054262767847,1100,4800,5.0
567,height_recession,tight_gas,high,8.0,567,7200,6100,7.0,64.17054262767847,1100,4800,5.0
568,height_recession,tight_gas,high,8.0,568,7200,6100,7.0,64.17054262767847,1100,4800,5.0
569,height_recession,tight_gas,high,8.0,569,7200,6100,7.0,64.17054262767847,1100,4800,5.0
570,height_recession,tight_gas,high,8.0,570,7200,6100,7.0,64.17054262767847,1100,4800,5.0
571,height_recession,tight_gas,high,8.0,571,7200,6100,7.0,64.17054262767847,1100,4800,5.0
572,height_recession,tight_gas,high,8.0,572,7200,6100,7.0,64.17054262767847,1100,4800,5.0
573,height_recession,tight_gas,high,8.0,573,7200,6100,7.0,64.17054262767847,1100,4800,5.0
574,height_recession,tight_gas,high,8.0,574,7200,6100,7.0,64.17054262767847,1100,4800,5.0
575,height_recession,tight_gas,high,8.0,575,7200,6100,7.0,64.17054262767847,1100,4800,5.0
576,height_recession,tight_gas,high,8.0,576,7200,6100,7.0,64.17054262767847,1100,4800,5.0
577,height_recession,tight_gas,high,8.0,577,7200,6100,7.0,64.17054262767847,1100,4800,5.0
578,height_recession,tight_gas,high,8.0,578,7200,6100,7.0,64.17054262767847,1100,4800,5.0
579,height_recession,tight_gas,high,8.0,579,7200,6100,7.0,64.17054262767847,1100,4800,5.0
580,height_recession,tight_gas,high,8.0,580,7200,6100,7.0,64.17054262767847,1100,4800,5.0
581,height_recession,tight_gas,high,8.0,581,7200,6100,7.0,64.17054262767847,1100,4800,5.0
582,height_recession,tight_gas,high,8.0,582,7200,6100,7.0,64.17054262767847,1100,4800,5.0
583,height_recession,tight_gas,high,8.0,583,7200,6100,7.0,64.17054262767847,1100,4800,5.0
584,height_recession,tight_gas,high,8.0,584,7200,6100,7.0,64.17054262767847,1100,4800,5.0
585,height_recession,tight_gas,high,8.0,585,7200,6100,7.0,64.17054262767847,1100,4800,5.0
586,height_recession,tight_gas,high,8.0,586,7200,6100,7.0,64.17054262767847,1100,4800,5.0
587,height_recession,tight_gas,high,8.0,587,7200,6100,7.0,64.17054262767847,1100,4800,5.0
588,height_recession,shale,low,1.0,588,9400,7900,10.0,180.353235912952,1500,6200,8.0
589,height_recession,shale,low,1.0,589,9400,7900,10.0,180.353235912952,1500,6200,8.0
590,height_recession,shale,low,1.0,590,9400,7900,10.0,180.353235912952,1500,6200,8.0
591,height_recession,shale,low,1.0,591,9400,7900,10.0,180.353235912952,1500,6200,8.0
592,height_recession,shale,low,1.0,592,9400,7900,10.0,180.353235912952,1500,6200,8.0
593,height_recession,shale,low,1.0,593,9400,7900,10.0,180.353235912952,1500,6200,8.0
594,height_recession,shale,low,1.0,594,9400,7900,10.0,180.353235912952,1500,6200,8.0
595,height_recession,shale,low,1.0,595,9400,7900,10.0,180.353235912952,1500,6200,8.0
596,height_recession,shale,low,1.0,596,9400,7900,10.0,180.353235912952,1500,6200,8.0
597,height_recession,shale,low,1.0,597,9400,7900,10.0,180.353235912952,1500,6200,8.0
598,height_recession,shale,low,1.0,598,9400,7900,10.0,180.353235912952,1500,6200,8.0
599,height_recession,shale,low,1.0,599,9400,7900,10.0,180.353235912952,1500,6200,8.0
600,height_recession,shale,low,1.0,600,9400,7900,10.0,180.353235912952,1500,6200,8.0
601,height_recession,shale,low,1.0,601,9400,7900,10.0,180.353235912952,1500,6200,8.0
602,height_recession,shale,low,1.0,602,9400,7900,10.0,180.353235912952,1500,6200,8.0
603,height_recession,shale,low,1.0,603,9400,7900,10.0,180.353235912952,1500,6200,8.0
604,height_recession,shale,low,1.0,604,9400,7900,10.0,180.353235912952,1500,6200,8.0
605,height_recession,shale,low,1.0,605,9400,7900,10.0,180.353235912952,1500,6200,8.0
606,height_recession,shale,low,1.0,606,9400,7900,10.0,180.353235912952,1500,6200,8.0
607,height_recession,shale,low,1.0,607,9400,7900,10.0,180.353235912952,1500,6200,8.0
608,height_recession,shale,low,1.0,608,9400,7900,10.0,180.353235912952,1500,6200,8.0
609,height_recession,shale,low,1.0,609,9400,7900,10.0,180.353235912952,1500,6200,8.0
610,height_recession,shale,low,1.0,610,9400,7900,10.0,180.353235912952,1500,6200,8.0
611,height_recession,shale,low,1.0,611,9400,7900,10.0,180.353235912952,1500,6200,8.0
612,height_recession,shale,low,1.0,612,9400,7900,10.0,180.353235912952,1500,6200,8.0
613,height_recession,shale,low,1.0,613,9400,7900,10.0,180.353235912952,1500,6200,8.0
614,height_recession,shale,low,1.0,614,9400,7900,10.0,180.353235912952,1500,6200,8.0
615,height_recession,shale,low,1.0,615,9400,7900,10.0,180.353235912952,1500,6200,8.0
616,height_recession,shale,medium,3.5,616,9400,7900,10.0,180.353235912952,1500,6200,8.0
617,height_recession,shale,medium,3.5,617,9400,7900,10.0,180.353235912952,1500,6200,8.0
618,height_recession,shale,medium,3.5,618,9400,7900,10.0,180.353235912952,1500,6200,8.0
619,height_recession,shale,medium,3.5,619,9400,7900,10.0,180.353235912952,1500,6200,8.0
620,height_recession,shale,medium,3.5,620,9400,7900,10.0,180.353235912952,1500,6200,8.0
621,height_recession,shale,medium,3.5,621,9400,7900,10.0,180.353235912952,1500,6200,8.0
622,height_recession,shale,medium,3.5,622,9400,7900,10.0,180.353235912952,1500,6200,8.0
623,height_recession,shale,medium,3.5,623,9400,7900,10.0,180.353235912952,1500,6200,8.0
624,height_recession,shale,medium,3.5,624,9400,7900,10.0,180.353235912952,1500,6200,8.0
625,height_recession,shale,medium,3.5,625,9400,7900,10.0,180.353235912952,1500,6200,8.0
626,height_recession,shale,medium,3.5,626,9400,7900,10.0,180.353235912952,1500,6200,8.0
627,height_recession,shale,medium,3.5,627,9400,7900,10.0,180.353235912952,1500,6200,8.0
628,height_recession,shale,medium,3.5,628,9400,7900,10.0,180.353235912952,1500,6200,8.0
629,height_recession,shale,medium,3.5,629,9400,7900,10.0,180.353235912952,1500,6200,8.0
630,height_recession,shale,medium,3.5,630,9400,7900,10.0,180.353235912952,1500,6200,8.0
631,height_recession,shale,medium,3.5,631,9400,7900,10.0,180.353235912952,1500,6200,8.0
632,height_recession,shale,medium,3.5,632,9400,7900,10.0,180.353235912952,1500,6200,8.0
633,height_recession,shale,medium,3.5,633,9400,7900,10.0,180.353235912952,1500,6200,8.0
634,height_recession,shale,medium,3.5,634,9400,7900,10.0,180.353235912952,1500,6200,8.0
635,height_recession,shale,medium,3.5,635,9400,7900,10.0,180.353235912952,1500,6200,8.0
636,height_recession,shale,medium,3.5,636,9400,7900,10.0,180.353235912952,1500,6200,8.0
637,height_recession,shale,medium,3.5,637,9400,7900,10.0,180.353235912952,1500,6200,8.0
638,height_recession,shale,medium,3.5,638,9400,7900,10.0,180.353235912952,1500,6200,8.0
639,height_recession,shale,medium,3.5,639,9400,7900,10.0,180.353235912952,1500,6200,8.0
640,height_recession,shale,medium,3.5,640,9400,7900,10.0,180.353235912952,1500,6200,8.0
641,height_recession,shale,medium,3.5,641,9400,7900,10.0,180.353235912952,1500,6200,8.0
642,height_recession,shale,medium,3.5,642,9400,7900,10.0,180.353235912952,1500,6200,8.0
643,height_recession,shale,medium,3.5,643,9400,7900,10.0,180.353235912952,1500,6200,8.0
644,height_recession,shale,high,8.0,644,9400,7900,10.0,180.353235912952,1500,6200,8.0
645,height_recession,shale,high,8.0,645,9400,7900,10.0,180.353235912952,1500,6200,8.0
646,height_recession,shale,high,8.0,646,9400,7900,10.0,180.353235912952,1500,6200,8.0
647,height_recession,shale,high,8.0,647,9400,7900,10.0,180.353235912952,1500,6200,8.0
648,height_recession,shale,high,8.0,648,9400,7900,10.0,180.353235912952,1500,6200,8.0
649,height_recession,shale,high,8.0,649,9400,7900,10.0,180.353235912952,1500,6200,8.0
650,height_recession,shale,high,8.0,650,9400,7900,10.0,180.353235912952,1500,6200,8.0
651,height_recession,shale,high,8.0,651,9400,7900,10.0,180.353235912952,1500,6200,8.0
652,height_recession,shale,high,8.0,652,9400,7900,10.0,180.353235912952,1500,6200,8.0
653,height_recession,shale,high,8.0,653,9400,7900,10.0,180.353235912952,1500,6200,8.0
654,height_recession,shale,high,8.0,654,9400,7900,10.0,180.353235912952,1500,6200,8.0
655,height_recession,shale,high,8.0,655,9400,7900,10.0,180.353235912952,1500,6200,8.0
656,height_recession,shale,high,8.0,656,9400,7900,10.0,180.353235912952,1500,6200,8.0
657,height_recession,shale,high,8.0,657,9400,7900,10.0,180.353235912952,1500,6200,8.0
658,height_recession,shale,high,8.0,658,9400,7900,10.0,180.353235912952,1500,6200,8.0
659,height_recession,shale,high,8.0,659,9400,7900,10.0,180.353235912952,1500,6200,8.0
660,height_recession,shale,high,8.0,660,9400,7900,10.0,180.353235912952,1500,6200,8.0
661,height_recession,shale,high,8.0,661,9400,7900,10.0,180.353235912952,1500,6200,8.0
662,height_recession,shale,high,8.0,662,9400,7900,10.0,180.353235912952,1500,6200,8.0
663,height_recession,shale,high,8.0,663,9400,7900,10.0,180.353235912952,1500,6200,8.0
664,height_recession,shale,high,8.0,664,9400,7900,10.0,180.353235912952,1500,6200,8.0
665,height_recession,shale,high,8.0,665,9400,7900,10.0,180.353235912952,1500,6200,8.0
666,height_recession,shale,high,8.0,666,9400,7900,10.0,180.353235912952,1500,6200,8.0
667,height_recession,shale,high,8.0,667,9400,7900,10.0,180.353235912952,1500,6200,8.0
668,height_recession,shale,high,8.0,668,9400,7900,10.0,180.353235912952,1500,6200,8.0
669,height_recession,shale,high,8.0,669,9400,7900,10.0,180.353235912952,1500,6200,8.0
670,height_recession,shale,high,8.0,670,9400,7900,10.0,180.353235912952,1500,6200,8.0
671,height_recession,shale,high,8.0,671,9400,7900,10.0,180.353235912952,1500,6200,8.0
672,height_recession,conventional,low,1.0,672,5400,4600,4.5,20.596643236084677,800,3200,3.0
673,height_recession,conventional,low,1.0,673,5400,4600,4.5,20.596643236084677,800,3200,3.0
674,height_recession,conventional,low,1.0,674,5400,4600,4.5,20.596643236084677,800,3200,3.0
675,height_recession,conventional,low,1.0,675,5400,4600,4.5,20.596643236084677,800,3200,3.0
676,height_recession,conventional,low,1.0,676,5400,4600,4.5,20.596643236084677,800,3200,3.0
677,height_recession,conventional,low,1.0,677,5400,4600,4.5,20.596643236084677,800,3200,3.0
678,height_recession,conventional,low,1.0,678,5400,4600,4.5,20.596643236084677,800,3200,3.0
679,height_recession,conventional,low,1.0,679,5400,4600,4.5,20.596643236084677,800,3200,3.0
680,height_recession,conventional,low,1.0,680,5400,4600,4.5,20.596643236084677,800,3200,3.0
681,height_recession,conventional,low,1.0,681,5400,4600,4.5,20.596643236084677,800,3200,3.0
682,height_recession,conventional,low,1.0,682,5400,4600,4.5,20.596643236084677,800,3200,3.0
683,height_recession,conventional,low,1.0,683,5400,4600,4.5,20.596643236084677,800,3200,3.0
684,height_recession,conventional,low,1.0,684,5400,4600,4.5,20.596643236084677,800,3200,3.0
685,height_recession,conventional,low,1.0,685,5400,4600,4.5,20.596643236084677,800,3200,3.0
686,height_recession,conventional,low,1.0,686,5400,4600,4.5,20.596643236084677,800,3200,3.0
687,height_recession,conventional,low,1.0,687,5400,4600,4.5,20.596643236084677,800,3200,3.0
688,height_recession,conventional,low,1.0,688,5400,4600,4.5,20.596643236084677,800,3200,3.0
689,height_recession,conventional,low,1.0,689,5400,4600,4.5,20.596643236084677,800,3200,3.0
690,height_recession,conventional,low,1.0,690,5400,4600,4.5,20.596643236084677,800,3200,3.0
691,height_recession,conventional,low,1.0,691,5400,4600,4.5,20.596643236084677,800,3200,3.0
692,height_recession,conventional,low,1.0,692,5400,4600,4.5,20.596643236084677,800,3200,3.0
693,height_recession,conventional,low,1.0,693,5400,4600,4.5,20.596643236084677,800,3200,3.0
694,height_recession,conventional,low,1.0,694,5400,4600,4.5,20.596643236084677,800,3200,3.0
695,height_recession,conventional,low,1.0,695,5400,4600,4.5,20.596643236084677,800,3200,3.0
696,height_recession,conventional,low,1.0,696,5400,4600,4.5,20.596643236084677,800,3200,3.0
697,height_recession,conventional,low,1.0,697,5400,4600,4.5,20.596643236084677,800,3200,3.0
698,height_recession,conventional,low,1.0,698,5400,4600,4.5,20.596643236084677,800,3200,3.0
699,height_recession,conventional,low,1.0,699,5400,4600,4.5,20.596643236084677,800,3200,3.0
700,height_recession,conventional,medium,3.5,700,5400,4600,4.5,20.596643236084677,800,3200,3.0
701,height_recession,conventional,medium,3.5,701,5400,4600,4.5,20.596643236084677,800,3200,3.0
702,height_recession,conventional,medium,3.5,702,5400,4600,4.5,20.596643236084677,800,3200,3.0
703,height_recession,conventional,medium,3.5,703,5400,4600,4.5,20.596643236084677,800,3200,3.0
704,height_recession,conventional,medium,3.5,704,5400,4600,4.5,20.596643236084677,800,3200,3.0
705,height_recession,conventional,medium,3.5,705,5400,4600,4.5,20.596643236084677,800,3200,3.0
706,height_recession,conventional,medium,3.5,706,5400,4600,4.5,20.596643236084677,800,3200,3.0
707,height_recession,conventional,medium,3.5,707,5400,4600,4.5,20.596643236084677,800,3200,3.0
708,height_recession,conventional,medium,3.5,708,5400,4600,4.5,20.596643236084677,800,3200,3.0
709,height_recession,conventional,medium,3.5,709,5400,4600,4.5,20.596643236084677,800,3200,3.0
710,height_recession,conventional,medium,3.5,710,5400,4600,4.5,20.596643236084677,800,3200,3.0
711,height_recession,conventional,medium,3.5,711,5400,4600,4.5,20.596643236084677,800,3200,3.0
712,height_recession,conventional,medium,3.5,712,5400,4600,4.5,20.596643236084677,800,3200,3.0
713,height_recession,conventional,medium,3.5,713,5400,4600,4.5,20.596643236084677,800,3200,3.0
714,height_recession,conventional,medium,3.5,714,5400,4600,4.5,20.596643236084677,800,3200,3.0
715,height_recession,conventional,medium,3.5,715,5400,4600,4.5,20.596643236084677,800,3200,3.0
716,height_recession,conventional,medium,3.5,716,5400,4600,4.5,20.596643236084677,800,3200,3.0
717,height_recession,conventional,medium,3.5,717,5400,4600,4.5,20.596643236084677,800,3200,3.0
718,height_recession,conventional,medium,3.5,718,5400,4600,4.5,20.596643236084677,800,3200,3.0
719,height_recession,conventional,medium,3.5,719,5400,4600,4.5,20.596643236084677,800,3200,3.0
720,height_recession,conventional,medium,3.5,720,5400,4600,4.5,20.596643236084677,800,3200,3.0
721,height_recession,conventional,medium,3.5,721,5400,4600,4.5,20.596643236084677,800,3200,3.0
722,height_recession,conventional,medium,3.5,722,5400,4600,4.5,20.596643236084677,800,3200,3.0
723,height_recession,conventional,medium,3.5,723,5400,4600,4.5,20.596643236084677,800,3200,3.0
724,height_recession,conventional,medium,3.5,724,5400,4600,4.5,20.596643236084677,800,3200,3.0
725,height_recession,conventional,medium,3.5,725,5400,4600,4.5,20.596643236084677,800,3200,3.0
726,height_recession,conventional,medium,3.5,726,5400,4600,4.5,20.596643236084677,800,3200,3.0
727,height_recession,conventional,medium,3.5,727,5400,4600,4.5,20.596643236084677,800,3200,3.0
728,height_recession,conventional,high,8.0,728,5400,4600,4.5,20.596643236084677,800,3200,3.0
729,height_recession,conventional,high,8.0,729,5400,4600,4.5,20.596643236084677,800,3200,3.0
730,height_recession,conventional,high,8.0,730,5400,4600,4.5,20.596643236084677,800,3200,3.0
731,height_recession,conventional,high,8.0,731,5400,4600,4.5,20.596643236084677,800,3200,3.0
732,height_recession,conventional,high,8.0,732,5400,4600,4.5,20.596643236084677,800,3200,3.0
733,height_recession,conventional,high,8.0,733,5400,4600,4.5,20.596643236084677,800,3200,3.0
734,height_recession,conventional,high,8.0,734,5400,4600,4.5,20.596643236084677,800,3200,3.0
735,height_recession,conventional,high,8.0,735,5400,4600,4.5,20.596643236084677,800,3200,3.0
736,height_recession,conventional,high,8.0,736,5400,4600,4.5,20.596643236084677,800,3200,3.0
737,height_recession,conventional,high,8.0,737,5400,4600,4.5,20.596643236084677,800,3200,3.0
738,height_recession,conventional,high,8.0,738,5400,4600,4.5,20.596643236084677,800,3200,3.0
739,height_recession,conventional,high,8.0,739,5400,4600,4.5,20.596643236084677,800,3200,3.0
740,height_recession,conventional,high,8.0,740,5400,4600,4.5,20.596643236084677,800,3200,3.0
741,height_recession,conventional,high,8.0,741,5400,4600,4.5,20.596643236084677,800,3200,3.0
742,height_recession,conventional,high,8.0,742,5400,4600,4.5,20.596643236084677,800,3200,3.0
743,height_recession,conventional,high,8.0,743,5400,4600,4.5,20.596643236084677,800,3200,3.0
744,height_recession,conventional,high,8.0,744,5400,4600,4.5,20.596643236084677,800,3200,3.0
745,height_recession,conventional,high,8.0,745,5400,4600,4.5,20.596643236084677,800,3200,3.0
746,height_recession,conventional,high,8.0,746,5400,4600,4.5,20.596643236084677,800,3200,3.0
747,height_recession,conventional,high,8.0,747,5400,4600,4.5,20.596643236084677,800,3200,3.0
748,height_recession,conventional,high,8.0,748,5400,4600,4.5,20.596643236084677,800,3200,3.0
749,height_recession,conventional,high,8.0,749,5400,4600,4.5,20.596643236084677,800,3200,3.0
750,height_recession,conventional,high,8.0,750,5400,4600,4.5,20.596643236084677,800,3200,3.0
751,height_recession,conventional,high,8.0,751,5400,4600,4.5,20.596643236084677,800,3200,3.0
752,height_recession,conventional,high,8.0,752,5400,4600,4.5,20.596643236084677,800,3200,3.0
753,height_recession,conventional,high,8.0,753,5400,4600,4.5,20.596643236084677,800,3200,3.0
754,height_recession,conventional,high,8.0,754,5400,4600,4.5,20.596643236084677,800,3200,3.0
755,height_recession,conventional,high,8.0,755,5400,4600,4.5,20.596643236084677,800,3200,3.0
756,tip_extension,tight_gas,low,1.0,756,7200,6100,7.0,64.17054262767847,1100,4800,5.0
757,tip_extension,tight_gas,low,1.0,757,7200,6100,7.0,64.17054262767847,1100,4800,5.0
758,tip_extension,tight_gas,low,1.0,758,7200,6100,7.0,64.17054262767847,1100,4800,5.0
759,tip_extension,tight_gas,low,1.0,759,7200,6100,7.0,64.17054262767847,1100,4800,5.0
760,tip_extension,tight_gas,low,1.0,760,7200,6100,7.0,64.17054262767847,1100,4800,5.0
761,tip_extension,tight_gas,low,1.0,761,7200,6100,7.0,64.17054262767847,1100,4800,5.0
762,tip_extension,tight_gas,low,1.0,762,7200,6100,7.0,64.17054262767847,1100,4800,5.0
763,tip_extension,tight_gas,low,1.0,763,7200,6100,7.0,64.17054262767847,1100,4800,5.0
764,tip_extension,tight_gas,low,1.0,764,7200,6100,7.0,64.17054262767847,1100,4800,5.0
765,tip_extension,tight_gas,low,1.0,765,7200,6100,7.0,64.17054262767847,1100,4800,5.0
766,tip_extension,tight_gas,low,1.0,766,7200,6100,7.0,64.17054262767847,1100,4800,5.0
767,tip_extension,tight_gas,low,1.0,767,7200,6100,7.0,64.17054262767847,1100,4800,5.0
768,tip_extension,tight_gas,low,1.0,768,7200,6100,7.0,64.17054262767847,1100,4800,5.0
769,tip_extension,tight_gas,low,1.0,769,7200,6100,7.0,64.17054262767847,1100,4800,5.0
770,tip_extension,tight_gas,low,1.0,770,7200,6100,7.0,64.17054262767847,1100,4800,5.0
771,tip_extension,tight_gas,low,1.0,771,7200,6100,7.0,64.17054262767847,1100,4800,5.0
772,tip_extension,tight_gas,low,1.0,772,7200,6100,7.0,64.17054262767847,1100,4800,5.0
773,tip_extension,tight_gas,low,1.0,773,7200,6100,7.0,64.17054262767847,1100,4800,5.0
774,tip_extension,tight_gas,low,1.0,774,7200,6100,7.0,64.17054262767847,1100,4800,5.0
775,tip_extension,tight_gas,low,1.0,775,7200,6100,7.0,64.17054262767847,1100,4800,5.0
776,tip_extension,tight_gas,low,1.0,776,7200,6100,7.0,64.17054262767847,1100,4800,5.0
777,tip_extension,tight_gas,low,1.0,777,7200,6100,7.0,64.17054262767847,1100,4800,5.0
778,tip_extension,tight_gas,low,1.0,778,7200,6100,7.0,64.17054262767847,1100,4800,5.0
779,tip_extension,tight_gas,low,1.0,779,7200,6100,7.0,64.17054262767847,1100,4800,5.0
780,tip_extension,tight_gas,low,1.0,780,7200,6100,7.0,64.17054262767847,1100,4800,5.0
781,tip_extension,tight_gas,low,1.0,781,7200,6100,7.0,64.17054262767847,1100,4800,5.0
782,tip_extension,tight_gas,low,1.0,782,7200,6100,7.0,64.17054262767847,1100,4800,5.0
783,tip_extension,tight_gas,low,1.0,783,7200,6100,7.0,64.17054262767847,1100,4800,5.0
784,tip_extension,tight_gas,medium,3.5,784,7200,6100,7.0,64.17054262767847,1100,4800,5.0
785,tip_extension,tight_gas,medium,3.5,785,7200,6100,7.0,64.17054262767847,1100,4800,5.0
786,tip_extension,tight_gas,medium,3.5,786,7200,6100,7.0,64.17054262767847,1100,4800,5.0
787,tip_extension,tight_gas,medium,3.5,787,7200,6100,7.0,64.17054262767847,1100,4800,5.0
788,tip_extension,tight_gas,medium,3.5,788,7200,6100,7.0,64.17054262767847,1100,4800,5.0
789,tip_extension,tight_gas,medium,3.5,789,7200,6100,7.0,64.17054262767847,1100,4800,5.0
790,tip_extension,tight_gas,medium,3.5,790,7200,6100,7.0,64.17054262767847,1100,4800,5.0
791,tip_extension,tight_gas,medium,3.5,791,7200,6100,7.0,64.17054262767847,1100,4800,5.0
792,tip_extension,tight_gas,medium,3.5,792,7200,6100,7.0,64.17054262767847,1100,4800,5.0
793,tip_extension,tight_gas,medium,3.5,793,7200,6100,7.0,64.17054262767847,1100,4800,5.0
794,tip_extension,tight_gas,medium,3.5,794,7200,6100,7.0,64.17054262767847,1100,4800,5.0
795,tip_extension,tight_gas,medium,3.5,795,7200,6100,7.0,64.17054262767847,1100,4800,5.0
796,tip_extension,tight_gas,medium,3.5,796,7200,6100,7.0,64.17054262767847,1100,4800,5.0
797,tip_extension,tight_gas,medium,3.5,797,7200,6100,7.0,64.17054262767847,1100,4800,5.0
798,tip_extension,tight_gas,medium,3.5,798,7200,6100,7.0,64.17054262767847,1100,4800,5.0
799,tip_extension,tight_gas,medium,3.5,799,7200,6100,7.0,64.17054262767847,1100,4800,5.0
800,tip_extension,tight_gas,medium,3.5,800,7200,6100,7.0,64.17054262767847,1100,4800,5.0
801,tip_extension,tight_gas,medium,3.5,801,7200,6100,7.0,64.17054262767847,1100,4800,5.0
802,tip_extension,tight_gas,medium,3.5,802,7200,6100,7.0,64.17054262767847,1100,4800,5.0
803,tip_extension,tight_gas,medium,3.5,803,7200,6100,7.0,64.17054262767847,1100,4800,5.0
804,tip_extension,tight_gas,medium,3.5,804,7200,6100,7.0,64.17054262767847,1100,4800,5.0
805,tip_extension,tight_gas,medium,3.5,805,7200,6100,7.0,64.17054262767847,1100,4800,5.0
806,tip_extension,tight_gas,medium,3.5,806,7200,6100,7.0,64.17054262767847,1100,4800,5.0
807,tip_extension,tight_gas,medium,3.5,807,7200,6100,7.0,64.17054262767847,1100,4800,5.0
808,tip_extension,tight_gas,medium,3.5,808,7200,6100,7.0,64.17054262767847,1100,4800,5.0
809,tip_extension,tight_gas,medium,3.5,809,7200,6100,7.0,64.17054262767847,1100,4800,5.0
810,tip_extension,tight_gas,medium,3.5,810,7200,6100,7.0,64.17054262767847,1100,4800,5.0
811,tip_extension,tight_gas,medium,3.5,811,7200,6100,7.0,64.17054262767847,1100,4800,5.0
812,tip_extension,tight_gas,high,8.0,812,7200,6100,7.0,64.17054262767847,1100,4800,5.0
813,tip_extension,tight_gas,high,8.0,813,7200,6100,7.0,64.17054262767847,1100,4800,5.0
814,tip_extension,tight_gas,high,8.0,814,7200,6100,7.0,64.17054262767847,1100,4800,5.0
815,tip_extension,tight_gas,high,8.0,815,7200,6100,7.0,64.17054262767847,1100,4800,5.0
816,tip_extension,tight_gas,high,8.0,816,7200,6100,7.0,64.17054262767847,1100,4800,5.0
817,tip_extension,tight_gas,high,8.0,817,7200,6100,7.0,64.17054262767847,1100,4800,5.0
818,tip_extension,tight_gas,high,8.0,818,7200,6100,7.0,64.17054262767847,1100,4800,5.0
819,tip_extension,tight_gas,high,8.0,819,7200,6100,7.0,64.17054262767847,1100,4800,5.0
820,tip_extension,tight_gas,high,8.0,820,7200,6100,7.0,64.17054262767847,1100,4800,5.0
821,tip_extension,tight_gas,high,8.0,821,7200,6100,7.0,64.17054262767847,1100,4800,5.0
822,tip_extension,tight_gas,high,8.0,822,7200,6100,7.0,64.17054262767847,1100,4800,5.0
823,tip_extension,tight_gas,high,8.0,823,7200,6100,7.0,64.17054262767847,1100,4800,5.0
824,tip_extension,tight_gas,high,8.0,824,7200,6100,7.0,64.17054262767847,1100,4800,5.0
825,tip_extension,tight_gas,high,8.0,825,7200,6100,7.0,64.17054262767847,1100,4800,5.0
826,tip_extension,tight_gas,high,8.0,826,7200,6100,7.0,64.17054262767847,1100,4800,5.0
827,tip_extension,tight_gas,high,8.0,827,7200,6100,7.0,64.17054262767847,1100,4800,5.0
828,tip_extension,tight_gas,high,8.0,828,7200,6100,7.0,64.17054262767847,1100,4800,5.0
829,tip_extension,tight_gas,high,8.0,829,7200,6100,7.0,64.17054262767847,1100,4800,5.0
830,tip_extension,tight_gas,high,8.0,830,7200,6100,7.0,64.17054262767847,1100,4800,5.0
831,tip_extension,tight_gas,high,8.0,831,7200,6100,7.0,64.17054262767847,1100,4800,5.0
832,tip_extension,tight_gas,high,8.0,832,7200,6100,7.0,64.17054262767847,1100,4800,5.0
833,tip_extension,tight_gas,high,8.0,833,7200,6100,7.0,64.17054262767847,1100,4800,5.0
834,tip_extension,tight_gas,high,8.0,834,7200,6100,7.0,64.17054262767847,1100,4800,5.0
835,tip_extension,tight_gas,high,8.0,835,7200,6100,7.0,64.17054262767847,1100,4800,5.0
836,tip_extension,tight_gas,high,8.0,836,7200,6100,7.0,64.17054262767847,1100,4800,5.0
837,tip_extension,tight_gas,high,8.0,837,7200,6100,7.0,64.17054262767847,1100,4800,5.0
838,tip_extension,tight_gas,high,8.0,838,7200,6100,7.0,64.17054262767847,1100,4800,5.0
839,tip_extension,tight_gas,high,8.0,839,7200,6100,7.0,64.17054262767847,1100,4800,5.0
840,tip_extension,shale,low,1.0,840,9400,7900,10.0,180.353235912952,1500,6200,8.0
841,tip_extension,shale,low,1.0,841,9400,7900,10.0,180.353235912952,1500,6200,8.0
842,tip_extension,shale,low,1.0,842,9400,7900,10.0,180.353235912952,1500,6200,8.0
843,tip_extension,shale,low,1.0,843,9400,7900,10.0,180.353235912952,1500,6200,8.0
844,tip_extension,shale,low,1.0,844,9400,7900,10.0,180.353235912952,1500,6200,8.0
845,tip_extension,shale,low,1.0,845,9400,7900,10.0,180.353235912952,1500,6200,8.0
846,tip_extension,shale,low,1.0,846,9400,7900,10.0,180.353235912952,1500,6200,8.0
847,tip_extension,shale,low,1.0,847,9400,7900,10.0,180.353235912952,1500,6200,8.0
848,tip_extension,shale,low,1.0,848,9400,7900,10.0,180.353235912952,1500,6200,8.0
849,tip_extension,shale,low,1.0,849,9400,7900,10.0,180.353235912952,1500,6200,8.0
850,tip_extension,shale,low,1.0,850,9400,7900,10.0,180.353235912952,1500,6200,8.0
851,tip_extension,shale,low,1.0,851,9400,7900,10.0,180.353235912952,1500,6200,8.0
852,tip_extension,shale,low,1.0,852,9400,7900,10.0,180.353235912952,1500,6200,8.0
853,tip_extension,shale,low,1.0,853,9400,7900,10.0,180.353235912952,1500,6200,8.0
854,tip_extension,shale,low,1.0,854,9400,7900,10.0,180.353235912952,1500,6200,8.0
855,tip_extension,shale,low,1.0,855,9400,7900,10.0,180.353235912952,1500,6200,8.0
856,tip_extension,shale,low,1.0,856,9400,7900,10.0,180.353235912952,1500,6200,8.0
857,tip_extension,shale,low,1.0,857,9400,7900,10.0,180.353235912952,1500,6200,8.0
858,tip_extension,shale,low,1.0,858,9400,7900,10.0,180.353235912952,1500,6200,8.0
859,tip_extension,shale,low,1.0,859,9400,7900,10.0,180.353235912952,1500,6200,8.0
860,tip_extension,shale,low,1.0,860,9400,7900,10.0,180.353235912952,1500,6200,8.0
861,tip_extension,shale,low,1.0,861,9400,7900,10.0,180.353235912952,1500,6200,8.0
862,tip_extension,shale,low,1.0,862,9400,7900,10.0,180.353235912952,1500,6200,8.0
863,tip_extension,shale,low,1.0,863,9400,7900,10.0,180.353235912952,1500,6200,8.0
864,tip_extension,shale,low,1.0,864,9400,7900,10.0,180.353235912952,1500,6200,8.0
865,tip_extension,shale,low,1.0,865,9400,7900,10.0,180.353235912952,1500,6200,8.0
866,tip_extension,shale,low,1.0,866,9400,7900,10.0,180.353235912952,1500,6200,8.0
867,tip_extension,shale,low,1.0,867,9400,7900,10.0,180.353235912952,1500,6200,8.0
868,tip_extension,shale,medium,3.5,868,9400,7900,10.0,180.353235912952,1500,6200,8.0
869,tip_extension,shale,medium,3.5,869,9400,7900,10.0,180.353235912952,1500,6200,8.0
870,tip_extension,shale,medium,3.5,870,9400,7900,10.0,180.353235912952,1500,6200,8.0
871,tip_extension,shale,medium,3.5,871,9400,7900,10.0,180.353235912952,1500,6200,8.0
872,tip_extension,shale,medium,3.5,872,9400,7900,10.0,180.353235912952,1500,6200,8.0
873,tip_extension,shale,medium,3.5,873,9400,7900,10.0,180.353235912952,1500,6200,8.0
874,tip_extension,shale,medium,3.5,874,9400,7900,10.0,180.353235912952,1500,6200,8.0
875,tip_extension,shale,medium,3.5,875,9400,7900,10.0,180.353235912952,1500,6200,8.0
876,tip_extension,shale,medium,3.5,876,9400,7900,10.0,180.353235912952,1500,6200,8.0
877,tip_extension,shale,medium,3.5,877,9400,7900,10.0,180.353235912952,1500,6200,8.0
878,tip_extension,shale,medium,3.5,878,9400,7900,10.0,180.353235912952,1500,6200,8.0
879,tip_extension,shale,medium,3.5,879,9400,7900,10.0,180.353235912952,1500,6200,8.0
880,tip_extension,shale,medium,3.5,880,9400,7900,10.0,180.353235912952,1500,6200,8.0
881,tip_extension,shale,medium,3.5,881,9400,7900,10.0,180.353235912952,1500,6200,8.0
882,tip_extension,shale,medium,3.5,882,9400,7900,10.0,180.353235912952,1500,6200,8.0
883,tip_extension,shale,medium,3.5,883,9400,7900,10.0,180.353235912952,1500,6200,8.0
884,tip_extension,shale,medium,3.5,884,9400,7900,10.0,180.353235912952,1500,6200,8.0
885,tip_extension,shale,medium,3.5,885,9400,7900,10.0,180.353235912952,1500,6200,8.0
886,tip_extension,shale,medium,3.5,886,9400,7900,10.0,180.353235912952,1500,6200,8.0
887,tip_extension,shale,medium,3.5,887,9400,7900,10.0,180.353235912952,1500,6200,8.0
888,tip_extension,shale,medium,3.5,888,9400,7900,10.0,180.353235912952,1500,6200,8.0
889,tip_extension,shale,medium,3.5,889,9400,7900,10.0,180.353235912952,1500,6200,8.0
890,tip_extension,shale,medium,3.5,890,9400,7900,10.0,180.353235912952,1500,6200,8.0
891,tip_extension,shale,medium,3.5,891,9400,7900,10.0,180.353235912952,1500,6200,8.0
892,tip_extension,shale,medium,3.5,892,9400,7900,10.0,180.353235912952,1500,6200,8.0
893,tip_extension,shale,medium,3.5,893,9400,7900,10.0,180.353235912952,1500,6200,8.0
894,tip_extension,shale,medium,3.5,894,9400,7900,10.0,180.353235912952,1500,6200,8.0
895,tip_extension,shale,medium,3.5,895,9400,7900,10.0,180.353235912952,1500,6200,8.0
896,tip_extension,shale,high,8.0,896,9400,7900,10.0,180.353235912952,1500,6200,8.0
897,tip_extension,shale,high,8.0,897,9400,7900,10.0,180.353235912952,1500,6200,8.0
898,tip_extension,shale,high,8.0,898,9400,7900,10.0,180.353235912952,1500,6200,8.0
899,tip_extension,shale,high,8.0,899,9400,7900,10.0,180.353235912952,1500,6200,8.0
900,tip_extension,shale,high,8.0,900,9400,7900,10.0,180.353235912952,1500,6200,8.0
901,tip_extension,shale,high,8.0,901,9400,7900,10.0,180.353235912952,1500,6200,8.0
902,tip_extension,shale,high,8.0,902,9400,7900,10.0,180.353235912952,1500,6200,8.0
903,tip_extension,shale,high,8.0,903,9400,7900,10.0,180.353235912952,1500,6200,8.0
904,tip_extension,shale,high,8.0,904,9400,7900,10.0,180.353235912952,1500,6200,8.0
905,tip_extension,shale,high,8.0,905,9400,7900,10.0,180.353235912952,1500,6200,8.0
906,tip_extension,shale,high,8.0,906,9400,7900,10.0,180.353235912952,1500,6200,8.0
907,tip_extension,shale,high,8.0,907,9400,7900,10.0,180.353235912952,1500,6200,8.0
908,tip_extension,shale,high,8.0,908,9400,7900,10.0,180.353235912952,1500,6200,8.0
909,tip_extension,shale,high,8.0,909,9400,7900,10.0,180.353235912952,1500,6200,8.0
910,tip_extension,shale,high,8.0,910,9400,7900,10.0,180.353235912952,1500,6200,8.0
911,tip_extension,shale,high,8.0,911,9400,7900,10.0,180.353235912952,1500,6200,8.0
912,tip_extension,shale,high,8.0,912,9400,7900,10.0,180.353235912952,1500,6200,8.0
913,tip_extension,shale,high,8.0,913,9400,7900,10.0,180.353235912952,1500,6200,8.0
914,tip_extension,shale,high,8.0,914,9400,7900,10.0,180.353235912952,1500,6200,8.0
915,tip_extension,shale,high,8.0,915,9400,7900,10.0,180.353235912952,1500,6200,8.0
916,tip_extension,shale,high,8.0,916,9400,7900,10.0,180.353235912952,1500,6200,8.0
917,tip_extension,shale,high,8.0,917,9400,7900,10.0,180.353235912952,1500,6200,8.0
918,tip_extension,shale,high,8.0,918,9400,7900,10.0,180.353235912952,1500,6200,8.0
919,tip_extension,shale,high,8.0,919,9400,7900,10.0,180.353235912952,1500,6200,8.0
920,tip_extension,shale,high,8.0,920,9400,7900,10.0,180.353235912952,1500,6200,8.0
921,tip_extension,shale,high,8.0,921,9400,7900,10.0,180.353235912952,1500,6200,8.0
922,tip_extension,shale,high,8.0,922,9400,7900,10.0,180.353235912952,1500,6200,8.0
923,tip_extension,shale,high,8.0,923,9400,7900,10.0,180.353235912952,1500,6200,8.0
924,tip_extension,conventional,low,1.0,924,5400,4600,4.5,20.596643236084677,800,3200,3.0
925,tip_extension,conventional,low,1.0,925,5400,4600,4.5,20.596643236084677,800,3200,3.0
926,tip_extension,conventional,low,1.0,926,5400,4600,4.5,20.596643236084677,800,3200,3.0
927,tip_extension,conventional,low,1.0,927,5400,4600,4.5,20.596643236084677,800,3200,3.0
928,tip_extension,conventional,low,1.0,928,5400,4600,4.5,20.596643236084677,800,3200,3.0
929,tip_extension,conventional,low,1.0,929,5400,4600,4.5,20.596643236084677,800,3200,3.0
930,tip_extension,conventional,low,1.0,930,5400,4600,4.5,20.596643236084677,800,3200,3.0
931,tip_extension,conventional,low,1.0,931,5400,4600,4.5,20.596643236084677,800,3200,3.0
932,tip_extension,conventional,low,1.0,932,5400,4600,4.5,20.596643236084677,800,3200,3.0
933,tip_extension,conventional,low,1.0,933,5400,4600,4.5,20.596643236084677,800,3200,3.0
934,tip_extension,conventional,low,1.0,934,5400,4600,4.5,20.596643236084677,800,3200,3.0
935,tip_extension,conventional,low,1.0,935,5400,4600,4.5,20.596643236084677,800,3200,3.0
936,tip_extension,conventional,low,1.0,936,5400,4600,4.5,20.596643236084677,800,3200,3.0
937,tip_extension,conventional,low,1.0,937,5400,4600,4.5,20.596643236084677,800,3200,3.0
938,tip_extension,conventional,low,1.0,938,5400,4600,4.5,20.596643236084677,800,3200,3.0
939,tip_extension,conventional,low,1.0,939,5400,4600,4.5,20.596643236084677,800,3200,3.0
940,tip_extension,conventional,low,1.0,940,5400,4600,4.5,20.596643236084677,800,3200,3.0
941,tip_extension,conventional,low,1.0,941,5400,4600,4.5,20.596643236084677,800,3200,3.0
942,tip_extension,conventional,low,1.0,942,5400,4600,4.5,20.596643236084677,800,3200,3.0
943,tip_extension,conventional,low,1.0,943,5400,4600,4.5,20.596643236084677,800,3200,3.0
944,tip_extension,conventional,low,1.0,944,5400,4600,4.5,20.596643236084677,800,3200,3.0
945,tip_extension,conventional,low,1.0,945,5400,4600,4.5,20.596643236084677,800,3200,3.0
946,tip_extension,conventional,low,1.0,946,5400,4600,4.5,20.596643236084677,800,3200,3.0
947,tip_extension,conventional,low,1.0,947,5400,4600,4.5,20.596643236084677,800,3200,3.0
948,tip_extension,conventional,low,1.0,948,5400,4600,4.5,20.596643236084677,800,3200,3.0
949,tip_extension,conventional,low,1.0,949,5400,4600,4.5,20.596643236084677,800,3200,3.0
950,tip_extension,conventional,low,1.0,950,5400,4600,4.5,20.596643236084677,800,3200,3.0
951,tip_extension,conventional,low,1.0,951,5400,4600,4.5,20.596643236084677,800,3200,3.0
952,tip_extension,conventional,medium,3.5,952,5400,4600,4.5,20.596643236084677,800,3200,3.0
953,tip_extension,conventional,medium,3.5,953,5400,4600,4.5,20.596643236084677,800,3200,3.0
954,tip_extension,conventional,medium,3.5,954,5400,4600,4.5,20.596643236084677,800,3200,3.0
955,tip_extension,conventional,medium,3.5,955,5400,4600,4.5,20.596643236084677,800,3200,3.0
956,tip_extension,conventional,medium,3.5,956,5400,4600,4.5,20.596643236084677,800,3200,3.0
957,tip_extension,conventional,medium,3.5,957,5400,4600,4.5,20.596643236084677,800,3200,3.0
958,tip_extension,conventional,medium,3.5,958,5400,4600,4.5,20.596643236084677,800,3200,3.0
959,tip_extension,conventional,medium,3.5,959,5400,4600,4.5,20.596643236084677,800,3200,3.0
960,tip_extension,conventional,medium,3.5,960,5400,4600,4.5,20.596643236084677,800,3200,3.0
961,tip_extension,conventional,medium,3.5,961,5400,4600,4.5,20.596643236084677,800,3200,3.0
962,tip_extension,conventional,medium,3.5,962,5400,4600,4.5,20.596643236084677,800,3200,3.0
963,tip_extension,conventional,medium,3.5,963,5400,4600,4.5,20.596643236084677,800,3200,3.0
964,tip_extension,conventional,medium,3.5,964,5400,4600,4.5,20.596643236084677,800,3200,3.0
965,tip_extension,conventional,medium,3.5,965,5400,4600,4.5,20.596643236084677,800,3200,3.0
966,tip_extension,conventional,medium,3.5,966,5400,4600,4.5,20.596643236084677,800,3200,3.0
967,tip_extension,conventional,medium,3.5,967,5400,4600,4.5,20.596643236084677,800,3200,3.0
968,tip_extension,conventional,medium,3.5,968,5400,4600,4.5,20.596643236084677,800,3200,3.0
969,tip_extension,conventional,medium,3.5,969,5400,4600,4.5,20.596643236084677,800,3200,3.0
970,tip_extension,conventional,medium,3.5,970,5400,4600,4.5,20.596643236084677,800,3200,3.0
971,tip_extension,conventional,medium,3.5,971,5400,4600,4.5,20.596643236084677,800,3200,3.0
972,tip_extension,conventional,medium,3.5,972,5400,4600,4.5,20.596643236084677,800,3200,3.0
973,tip_extension,conventional,medium,3.5,973,5400,4600,4.5,20.596643236084677,800,3200,3.0
974,tip_extension,conventional,medium,3.5,974,5400,4600,4.5,20.596643236084677,800,3200,3.0
975,tip_extension,conventional,medium,3.5,975,5400,4600,4.5,20.596643236084677,800,3200,3.0
976,tip_extension,conventional,medium,3.5,976,5400,4600,4.5,20.596643236084677,800,3200,3.0
977,tip_extension,conventional,medium,3.5,977,5400,4600,4.5,20.596643236084677,800,3200,3.0
978,tip_extension,conventional,medium,3.5,978,5400,4600,4.5,20.596643236084677,800,3200,3.0
979,tip_extension,conventional,medium,3.5,979,5400,4600,4.5,20.596643236084677,800,3200,3.0
980,tip_extension,conventional,high,8.0,980,5400,4600,4.5,20.596643236084677,800,3200,3.0
981,tip_extension,conventional,high,8.0,981,5400,4600,4.5,20.596643236084677,800,3200,3.0
982,tip_extension,conventional,high,8.0,982,5400,4600,4.5,20.596643236084677,800,3200,3.0
983,tip_extension,conventional,high,8.0,983,5400,4600,4.5,20.596643236084677,800,3200,3.0
984,tip_extension,conventional,high,8.0,984,5400,4600,4.5,20.596643236084677,800,3200,3.0
985,tip_extension,conventional,high,8.0,985,5400,4600,4.5,20.596643236084677,800,3200,3.0
986,tip_extension,conventional,high,8.0,986,5400,4600,4.5,20.596643236084677,800,3200,3.0
987,tip_extension,conventional,high,8.0,987,5400,4600,4.5,20.596643236084677,800,3200,3.0
988,tip_extension,conventional,high,8.0,988,5400,4600,4.5,20.596643236084677,800,3200,3.0
989,tip_extension,conventional,high,8.0,989,5400,4600,4.5,20.596643236084677,800,3200,3.0
990,tip_extension,conventional,high,8.0,990,5400,4600,4.5,20.596643236084677,800,3200,3.0
991,tip_extension,conventional,high,8.0,991,5400,4600,4.5,20.596643236084677,800,3200,3.0
992,tip_extension,conventional,high,8.0,992,5400,4600,4.5,20.596643236084677,800,3200,3.0
993,tip_extension,conventional,high,8.0,993,5400,4600,4.5,20.596643236084677,800,3200,3.0
994,tip_extension,conventional,high,8.0,994,5400,4600,4.5,20.596643236084677,800,3200,3.0
995,tip_extension,conventional,high,8.0,995,5400,4600,4.5,20.596643236084677,800,3200,3.0
996,tip_extension,conventional,high,8.0,996,5400,4600,4.5,20.596643236084677,800,3200,3.0
997,tip_extension,conventional,high,8.0,997,5400,4600,4.5,20.596643236084677,800,3200,3.0
998,tip_extension,conventional,high,8.0,998,5400,4600,4.5,20.596643236084677,800,3200,3.0
999,tip_extension,conventional,high,8.0,999,5400,4600,4.5,20.596643236084677,800,3200,3.0
1000,tip_extension,conventional,high,8.0,1000,5400,4600,4.5,20.596643236084677,800,3200,3.0
1001,tip_extension,conventional,high,8.0,1001,5400,4600,4.5,20.596643236084677,800,3200,3.0
1002,tip_extension,conventional,high,8.0,1002,5400,4600,4.5,20.596643236084677,800,3200,3.0
1003,tip_extension,conventional,high,8.0,1003,5400,4600,4.5,20.596643236084677,800,3200,3.0
1004,tip_extension,conventional,high,8.0,1004,5400,4600,4.5,20.596643236084677,800,3200,3.0
1005,tip_extension,conventional,high,8.0,1005,5400,4600,4.5,20.596643236084677,800,3200,3.0
1006,tip_extension,conventional,high,8.0,1006,5400,4600,4.5,20.596643236084677,800,3200,3.0
1007,tip_extension,conventional,high,8.0,1007,5400,4600,4.5,20.596643236084677,800,3200,3.0
